total_jobs,origin_loc_lat,origin_loc_lon,dest_loc_lat,dest_loc_lon,origin_geom,dest_geom
56,35.29479538636393,-85.11181094134983,35.1186748941384,-85.14148892460592,POINT (-85.11181094134983 35.29479538636393),POINT (-85.14148892460592 35.1186748941384)
60,35.28449244366668,-85.11568423653205,35.318202489050115,-85.18292895098614,POINT (-85.11568423653205 35.28449244366668),POINT (-85.18292895098614 35.318202489050115)
89,35.28306317392268,-85.11069240626567,35.16434820796946,-85.20523150838177,POINT (-85.11069240626567 35.28306317392268),POINT (-85.20523150838177 35.16434820796946)
50,35.287430057821965,-85.11534561511426,35.297537374570595,-85.10605899097,POINT (-85.11534561511426 35.287430057821965),POINT (-85.10605899097 35.297537374570595)
15,35.29653928536358,-85.12229088366554,35.23492738387671,-84.98614893831596,POINT (-85.12229088366554 35.29653928536358),POINT (-84.98614893831596 35.23492738387671)
60,35.283474685711326,-85.127870764094,35.27048328586462,-85.14824764225622,POINT (-85.127870764094 35.283474685711326),POINT (-85.14824764225622 35.27048328586462)
57,35.2855269792544,-85.11772875643427,35.28001138968521,-85.10799338971357,POINT (-85.11772875643427 35.2855269792544),POINT (-85.10799338971357 35.28001138968521)
30,35.293066517548766,-85.11934360904117,35.24677323294983,-85.13852103551973,POINT (-85.11934360904117 35.293066517548766),POINT (-85.13852103551973 35.24677323294983)
24,35.286204092976675,-85.12109670154008,35.37094359700589,-85.08562240840133,POINT (-85.12109670154008 35.286204092976675),POINT (-85.08562240840133 35.37094359700589)
70,35.28918682834119,-85.11341534855157,35.297156027224105,-85.12018947147514,POINT (-85.11341534855157 35.28918682834119),POINT (-85.12018947147514 35.297156027224105)
5,35.295162863861414,-85.10530950234484,35.30288019472739,-85.08089004720125,POINT (-85.10530950234484 35.295162863861414),POINT (-85.08089004720125 35.30288019472739)
87,35.2866121491405,-85.11971470634762,35.280809625697366,-85.09772748035755,POINT (-85.11971470634762 35.2866121491405),POINT (-85.09772748035755 35.280809625697366)
7,35.287907238648884,-85.11477320618958,35.296559310838376,-84.98672078945734,POINT (-85.11477320618958 35.287907238648884),POINT (-84.98672078945734 35.296559310838376)
85,35.28162520882707,-85.11410448432963,35.24706653040682,-85.03753919485979,POINT (-85.11410448432963 35.28162520882707),POINT (-85.03753919485979 35.24706653040682)
54,35.28905627765587,-85.11241901185902,35.291959664174136,-85.14183301682826,POINT (-85.11241901185902 35.28905627765587),POINT (-85.14183301682826 35.291959664174136)
21,35.27414164229708,-85.12621282616398,35.299117627050926,-85.11859683385062,POINT (-85.12621282616398 35.27414164229708),POINT (-85.11859683385062 35.299117627050926)
5,35.28366323516386,-85.11130231928999,35.258802209655464,-85.11459554172507,POINT (-85.11130231928999 35.28366323516386),POINT (-85.11459554172507 35.258802209655464)
11,35.294328477601255,-85.11764941025108,35.29276226605782,-85.09326400679882,POINT (-85.11764941025108 35.294328477601255),POINT (-85.09326400679882 35.29276226605782)
43,35.28604429033029,-85.10771907513242,35.32276629349711,-85.17204808209063,POINT (-85.10771907513242 35.28604429033029),POINT (-85.17204808209063 35.32276629349711)
47,35.2851535205285,-85.1173995550271,35.292688297714555,-85.0826422196187,POINT (-85.1173995550271 35.2851535205285),POINT (-85.0826422196187 35.292688297714555)
96,35.284178387862625,-85.11165059439878,35.23300082866768,-84.91976674446768,POINT (-85.11165059439878 35.284178387862625),POINT (-84.91976674446768 35.23300082866768)
82,35.28219793397988,-85.1298128054982,35.2814107468362,-85.11433174748905,POINT (-85.1298128054982 35.28219793397988),POINT (-85.11433174748905 35.2814107468362)
12,35.28581999559546,-85.12831243232716,35.26365584009285,-85.12510559617988,POINT (-85.12831243232716 35.28581999559546),POINT (-85.12510559617988 35.26365584009285)
66,35.29027930068906,-85.12597219367069,35.29974848713159,-85.14193790326621,POINT (-85.12597219367069 35.29027930068906),POINT (-85.14193790326621 35.29974848713159)
49,35.28762455649717,-85.11154573103448,35.266339963290754,-85.1787461242526,POINT (-85.11154573103448 35.28762455649717),POINT (-85.1787461242526 35.266339963290754)
81,35.28302587500159,-85.10748354931653,35.27040067033944,-85.11679152477846,POINT (-85.10748354931653 35.28302587500159),POINT (-85.11679152477846 35.27040067033944)
17,35.28493184099588,-85.11868533054492,35.27374982325876,-85.12919061052857,POINT (-85.11868533054492 35.28493184099588),POINT (-85.12919061052857 35.27374982325876)
26,35.28910167187253,-85.11048528519959,35.24563066827706,-85.15346771306884,POINT (-85.11048528519959 35.28910167187253),POINT (-85.15346771306884 35.24563066827706)
80,35.288320483422716,-85.1110365188914,35.28640063163638,-85.0918347569679,POINT (-85.1110365188914 35.288320483422716),POINT (-85.0918347569679 35.28640063163638)
1,35.281725989367544,-85.11240890815637,35.289567882158096,-85.12021289261851,POINT (-85.11240890815637 35.281725989367544),POINT (-85.12021289261851 35.289567882158096)
16,35.28526580988251,-85.11628743498177,35.32724836194461,-85.14491857248545,POINT (-85.11628743498177 35.28526580988251),POINT (-85.14491857248545 35.32724836194461)
42,35.286060114110086,-85.11243439140027,35.31001815653847,-85.10728673345922,POINT (-85.11243439140027 35.286060114110086),POINT (-85.10728673345922 35.31001815653847)
25,35.28581575081595,-85.10308619587784,35.27464181569714,-85.13325189829587,POINT (-85.10308619587784 35.28581575081595),POINT (-85.13325189829587 35.27464181569714)
8,35.2784311201012,-85.10681296748682,35.289289519628184,-85.10052078260439,POINT (-85.10681296748682 35.2784311201012),POINT (-85.10052078260439 35.289289519628184)
34,35.29032243265116,-85.11335764301391,35.30387735801388,-85.14080444433631,POINT (-85.11335764301391 35.29032243265116),POINT (-85.14080444433631 35.30387735801388)
42,35.28507793510999,-85.1189298859264,35.286452388653856,-85.0976676186897,POINT (-85.1189298859264 35.28507793510999),POINT (-85.0976676186897 35.286452388653856)
85,35.28542361276581,-85.11713054540525,35.28717402184718,-85.1291404306298,POINT (-85.11713054540525 35.28542361276581),POINT (-85.1291404306298 35.28717402184718)
46,35.2866339831422,-85.11664500309996,35.30372914796434,-85.05593759076,POINT (-85.11664500309996 35.2866339831422),POINT (-85.05593759076 35.30372914796434)
4,35.27611282409685,-85.11395839677625,35.201866969057825,-85.11935644121274,POINT (-85.11395839677625 35.27611282409685),POINT (-85.11935644121274 35.201866969057825)
22,35.284807090287586,-85.11752441564252,35.30057434276674,-85.12577337732094,POINT (-85.11752441564252 35.284807090287586),POINT (-85.12577337732094 35.30057434276674)
4,35.286151699752295,-85.11307466487759,35.271130788637656,-85.25128409168902,POINT (-85.11307466487759 35.286151699752295),POINT (-85.25128409168902 35.271130788637656)
68,35.28438814562553,-85.11930791982137,35.28194011488198,-85.1878546549714,POINT (-85.11930791982137 35.28438814562553),POINT (-85.1878546549714 35.28194011488198)
77,35.28500367150357,-85.1192155304834,35.25762001197101,-85.10349670596753,POINT (-85.1192155304834 35.28500367150357),POINT (-85.10349670596753 35.25762001197101)
49,35.28362287046414,-85.11435965450418,35.291282198840975,-85.09894500466835,POINT (-85.11435965450418 35.28362287046414),POINT (-85.09894500466835 35.291282198840975)
80,35.29513909223031,-85.11174240910994,35.29406566230747,-85.14053337128499,POINT (-85.11174240910994 35.29513909223031),POINT (-85.14053337128499 35.29406566230747)
1,35.28597230246463,-85.11518084404419,35.27358804459475,-85.1099190139816,POINT (-85.11518084404419 35.28597230246463),POINT (-85.1099190139816 35.27358804459475)
64,35.2843629892557,-85.10616661901747,35.26395672045839,-85.11774488016705,POINT (-85.10616661901747 35.2843629892557),POINT (-85.11774488016705 35.26395672045839)
66,35.277889690022675,-85.12102283295843,35.25452056033835,-85.15257756540638,POINT (-85.12102283295843 35.277889690022675),POINT (-85.15257756540638 35.25452056033835)
81,35.282544411751935,-85.11903302682411,35.265240914074965,-85.12692277032929,POINT (-85.11903302682411 35.282544411751935),POINT (-85.12692277032929 35.265240914074965)
22,35.28458496456395,-85.11528213308141,35.30279245162357,-85.09419295015908,POINT (-85.11528213308141 35.28458496456395),POINT (-85.09419295015908 35.30279245162357)
4,35.28729605952579,-85.11765821338354,35.3054114841254,-85.1408332323268,POINT (-85.11765821338354 35.28729605952579),POINT (-85.1408332323268 35.3054114841254)
14,35.285760209111125,-85.11724405682867,35.31133351826944,-85.08350521073282,POINT (-85.11724405682867 35.285760209111125),POINT (-85.08350521073282 35.31133351826944)
12,35.288289491301,-85.11123936582585,35.29979548682859,-85.10269697943072,POINT (-85.11123936582585 35.288289491301),POINT (-85.10269697943072 35.29979548682859)
94,35.28335170282393,-85.11169434796403,35.195486817427685,-85.11446125403323,POINT (-85.11169434796403 35.28335170282393),POINT (-85.11446125403323 35.195486817427685)
16,35.27935979305059,-85.11097456278662,35.33826665061873,-85.11461956349744,POINT (-85.11097456278662 35.27935979305059),POINT (-85.11461956349744 35.33826665061873)
67,35.28160580488724,-85.12075385414971,35.29779353651694,-85.15877943279129,POINT (-85.12075385414971 35.28160580488724),POINT (-85.15877943279129 35.29779353651694)
77,35.286162375560586,-85.12438654145669,35.29340017782739,-85.14321414119566,POINT (-85.12438654145669 35.286162375560586),POINT (-85.14321414119566 35.29340017782739)
72,35.287519839564695,-85.11859507378297,35.30124940018506,-85.20432956407728,POINT (-85.11859507378297 35.287519839564695),POINT (-85.20432956407728 35.30124940018506)
46,35.28676815016229,-85.11482757039887,35.3201948007945,-85.06689060939865,POINT (-85.11482757039887 35.28676815016229),POINT (-85.06689060939865 35.3201948007945)
85,35.28766654085532,-85.11722294441375,35.229633300838856,-85.2303260172143,POINT (-85.11722294441375 35.28766654085532),POINT (-85.2303260172143 35.229633300838856)
2,35.286351130822865,-85.11466070027201,35.15868486770002,-85.01679717493053,POINT (-85.11466070027201 35.286351130822865),POINT (-85.01679717493053 35.15868486770002)
57,35.27930514256285,-85.10983473390529,35.278651111403505,-85.09537698512035,POINT (-85.10983473390529 35.27930514256285),POINT (-85.09537698512035 35.278651111403505)
3,35.2905164715574,-85.1097352116777,35.29165844700168,-85.08771201737744,POINT (-85.1097352116777 35.2905164715574),POINT (-85.08771201737744 35.29165844700168)
43,35.28199123444925,-85.11092187576574,35.29117750447999,-85.11669370363592,POINT (-85.11092187576574 35.28199123444925),POINT (-85.11669370363592 35.29117750447999)
42,35.29005503958956,-85.11598640905373,35.300682217796435,-85.14578014230281,POINT (-85.11598640905373 35.29005503958956),POINT (-85.14578014230281 35.300682217796435)
17,35.29629781440233,-85.12164650509666,35.302693374280295,-85.1457483787785,POINT (-85.12164650509666 35.29629781440233),POINT (-85.1457483787785 35.302693374280295)
31,35.28289773132828,-85.11921042298067,35.245517844580874,-85.17036765408292,POINT (-85.11921042298067 35.28289773132828),POINT (-85.17036765408292 35.245517844580874)
1,35.29046563551552,-85.1139064698751,35.30989702904161,-85.13420706970034,POINT (-85.1139064698751 35.29046563551552),POINT (-85.13420706970034 35.30989702904161)
8,35.285359459284585,-85.11757306453993,35.304828525995624,-85.14511230805991,POINT (-85.11757306453993 35.285359459284585),POINT (-85.14511230805991 35.304828525995624)
14,35.286767345821595,-85.11681534265018,35.308242380318944,-85.12296334493328,POINT (-85.11681534265018 35.286767345821595),POINT (-85.12296334493328 35.308242380318944)
49,35.286683765262396,-85.12580561071786,35.29684973112805,-85.07765426866355,POINT (-85.12580561071786 35.286683765262396),POINT (-85.07765426866355 35.29684973112805)
64,35.285966437255084,-85.11631669095787,35.28525750060116,-85.09141945274378,POINT (-85.11631669095787 35.285966437255084),POINT (-85.09141945274378 35.28525750060116)
32,35.29455322076379,-85.12179006507901,35.350706275955936,-85.1369128489794,POINT (-85.12179006507901 35.29455322076379),POINT (-85.1369128489794 35.350706275955936)
24,35.28401591392362,-85.12605827700736,35.23295988353562,-85.17782816096323,POINT (-85.12605827700736 35.28401591392362),POINT (-85.17782816096323 35.23295988353562)
7,35.28813892651208,-85.10820455450198,35.30081707893836,-85.11047814357832,POINT (-85.10820455450198 35.28813892651208),POINT (-85.11047814357832 35.30081707893836)
9,35.277295308408455,-85.11878752289549,35.34679911719034,-85.10058377978656,POINT (-85.11878752289549 35.277295308408455),POINT (-85.10058377978656 35.34679911719034)
4,35.28073394860898,-85.12552620481071,35.217341178325626,-85.13427064056921,POINT (-85.12552620481071 35.28073394860898),POINT (-85.13427064056921 35.217341178325626)
47,35.28074912031177,-85.12279517273073,35.392491802630495,-84.97040288555988,POINT (-85.12279517273073 35.28074912031177),POINT (-84.97040288555988 35.392491802630495)
85,35.29173447984959,-85.128635694683,35.25544085292954,-85.19512671581077,POINT (-85.128635694683 35.29173447984959),POINT (-85.19512671581077 35.25544085292954)
49,35.28469164230147,-85.1235982693663,35.29591628215248,-85.220848386285,POINT (-85.1235982693663 35.28469164230147),POINT (-85.220848386285 35.29591628215248)
61,35.28942453478267,-85.10916671739882,35.253567988833694,-85.25988868864471,POINT (-85.10916671739882 35.28942453478267),POINT (-85.25988868864471 35.253567988833694)
91,35.29063647138885,-85.12162512355218,35.27973193373952,-85.1567111045734,POINT (-85.12162512355218 35.29063647138885),POINT (-85.1567111045734 35.27973193373952)
94,35.29045074499318,-85.13288538615537,35.30773195989035,-85.19128034922875,POINT (-85.13288538615537 35.29045074499318),POINT (-85.19128034922875 35.30773195989035)
1,35.28474505940327,-85.1159421057721,35.24632691985128,-85.10233590472937,POINT (-85.1159421057721 35.28474505940327),POINT (-85.10233590472937 35.24632691985128)
31,35.28538070927754,-85.11958572934022,35.27727743266089,-85.14557325158765,POINT (-85.11958572934022 35.28538070927754),POINT (-85.14557325158765 35.27727743266089)
78,35.28494463976145,-85.11834011950768,35.30853202117415,-85.12566764331122,POINT (-85.11834011950768 35.28494463976145),POINT (-85.12566764331122 35.30853202117415)
41,35.27843109992663,-85.12706805757097,35.26160364724439,-85.15250591466393,POINT (-85.12706805757097 35.27843109992663),POINT (-85.15250591466393 35.26160364724439)
45,35.278165500572065,-85.11635543011249,35.267157137801355,-85.13153024517096,POINT (-85.11635543011249 35.278165500572065),POINT (-85.13153024517096 35.267157137801355)
76,35.28788724974963,-85.11849466878901,35.3081128063512,-85.06921875205694,POINT (-85.11849466878901 35.28788724974963),POINT (-85.06921875205694 35.3081128063512)
76,35.28576971974897,-85.11659208620581,35.28641866002769,-85.07681614921886,POINT (-85.11659208620581 35.28576971974897),POINT (-85.07681614921886 35.28641866002769)
27,35.28578203757925,-85.11595932988926,35.274532341680555,-85.10457035204665,POINT (-85.11595932988926 35.28578203757925),POINT (-85.10457035204665 35.274532341680555)
43,35.28840328420467,-85.11310037248064,35.30450578140946,-85.10053349078521,POINT (-85.11310037248064 35.28840328420467),POINT (-85.10053349078521 35.30450578140946)
24,35.28697385888151,-85.11931198780914,35.278090846019374,-85.14584582924046,POINT (-85.11931198780914 35.28697385888151),POINT (-85.14584582924046 35.278090846019374)
23,35.28763192520682,-85.1148384752148,35.2860266305724,-85.10327723555399,POINT (-85.1148384752148 35.28763192520682),POINT (-85.10327723555399 35.2860266305724)
29,35.285679647602784,-85.11562729053546,35.31125037923362,-85.12109796580283,POINT (-85.11562729053546 35.285679647602784),POINT (-85.12109796580283 35.31125037923362)
62,35.283627244477806,-85.11159822906157,35.3004838139022,-85.0318977243987,POINT (-85.11159822906157 35.283627244477806),POINT (-85.0318977243987 35.3004838139022)
27,35.28298226370805,-85.12256552895974,35.30355582989543,-85.07702802048922,POINT (-85.12256552895974 35.28298226370805),POINT (-85.07702802048922 35.30355582989543)
70,35.29616698457877,-85.11169962824918,35.315030554912944,-85.09401966460969,POINT (-85.11169962824918 35.29616698457877),POINT (-85.09401966460969 35.315030554912944)
45,35.28492413553464,-85.11829934958838,35.26973035179653,-85.13299207589738,POINT (-85.11829934958838 35.28492413553464),POINT (-85.13299207589738 35.26973035179653)
26,35.281827958565486,-85.1168332067265,35.27450440214884,-85.09235740198699,POINT (-85.1168332067265 35.281827958565486),POINT (-85.09235740198699 35.27450440214884)
7,35.00004241022618,-85.31246678685415,35.0089669755377,-85.32267512216842,POINT (-85.31246678685415 35.00004241022618),POINT (-85.32267512216842 35.0089669755377)
100,34.995457996307906,-85.30791586888078,34.992145327271075,-85.2814212658532,POINT (-85.30791586888078 34.995457996307906),POINT (-85.2814212658532 34.992145327271075)
60,35.001059263903315,-85.31422037073443,35.00589599032975,-85.3012296856458,POINT (-85.31422037073443 35.001059263903315),POINT (-85.3012296856458 35.00589599032975)
23,35.0006413774343,-85.31719154659314,34.99832158785367,-85.29158234919764,POINT (-85.31719154659314 35.0006413774343),POINT (-85.29158234919764 34.99832158785367)
39,34.99888109501222,-85.32411892340164,34.99773692260159,-85.33790990394203,POINT (-85.32411892340164 34.99888109501222),POINT (-85.33790990394203 34.99773692260159)
28,35.00268697847398,-85.31152401450318,34.98624520781341,-85.24003851921485,POINT (-85.31152401450318 35.00268697847398),POINT (-85.24003851921485 34.98624520781341)
68,35.000216561485516,-85.31991967428444,35.04094538761114,-85.30864046614718,POINT (-85.31991967428444 35.000216561485516),POINT (-85.30864046614718 35.04094538761114)
68,35.00304128438678,-85.32125592900347,35.02298515589316,-85.27950954944087,POINT (-85.32125592900347 35.00304128438678),POINT (-85.27950954944087 35.02298515589316)
10,34.99996032174055,-85.31990668101724,34.99103574336866,-85.30648348501809,POINT (-85.31990668101724 34.99996032174055),POINT (-85.30648348501809 34.99103574336866)
52,35.00665680225737,-85.31701508878848,35.00877317024905,-85.32821388804685,POINT (-85.31701508878848 35.00665680225737),POINT (-85.32821388804685 35.00877317024905)
36,34.998513216956745,-85.31349673846722,34.99033827191845,-85.31891232893764,POINT (-85.31349673846722 34.998513216956745),POINT (-85.31891232893764 34.99033827191845)
90,35.011362798715766,-85.31025724827339,34.97030878612393,-85.34620063749378,POINT (-85.31025724827339 35.011362798715766),POINT (-85.34620063749378 34.97030878612393)
56,35.00665622681968,-85.31075693002532,35.01656471960376,-85.31741599753995,POINT (-85.31075693002532 35.00665622681968),POINT (-85.31741599753995 35.01656471960376)
97,34.99906694634011,-85.3215802141736,35.00114545053636,-85.30869500446707,POINT (-85.3215802141736 34.99906694634011),POINT (-85.30869500446707 35.00114545053636)
34,35.01105507388518,-85.32171227584621,35.05527319109662,-85.25540029182744,POINT (-85.32171227584621 35.01105507388518),POINT (-85.25540029182744 35.05527319109662)
91,35.00733348780535,-85.31525139030174,34.99849372434235,-85.30401372401226,POINT (-85.31525139030174 35.00733348780535),POINT (-85.30401372401226 34.99849372434235)
78,35.00979693456845,-85.31927911998474,34.99804406825324,-85.33049461591028,POINT (-85.31927911998474 35.00979693456845),POINT (-85.33049461591028 34.99804406825324)
80,35.002582469707015,-85.32079025162145,35.01582843323681,-85.24482454504647,POINT (-85.32079025162145 35.002582469707015),POINT (-85.24482454504647 35.01582843323681)
92,34.99717546258197,-85.3206400877702,34.99183674767558,-85.34605725363525,POINT (-85.3206400877702 34.99717546258197),POINT (-85.34605725363525 34.99183674767558)
43,35.004336776259464,-85.31748298380157,35.01216325505058,-85.28676130659169,POINT (-85.31748298380157 35.004336776259464),POINT (-85.28676130659169 35.01216325505058)
91,34.99794087327245,-85.32163469979265,35.0118470247478,-85.33812458115348,POINT (-85.32163469979265 34.99794087327245),POINT (-85.33812458115348 35.0118470247478)
32,35.00268281185893,-85.32041165322714,34.96852470771192,-85.3717802146129,POINT (-85.32041165322714 35.00268281185893),POINT (-85.3717802146129 34.96852470771192)
40,35.013265230025475,-85.32602791228231,34.99859831235072,-85.34019992822269,POINT (-85.32602791228231 35.013265230025475),POINT (-85.34019992822269 34.99859831235072)
72,35.00529926174895,-85.3245342300465,35.01783740193321,-85.34097849368992,POINT (-85.3245342300465 35.00529926174895),POINT (-85.34097849368992 35.01783740193321)
56,34.99878757243687,-85.31809317787462,35.01841547344282,-85.31248864846687,POINT (-85.31809317787462 34.99878757243687),POINT (-85.31248864846687 35.01841547344282)
40,35.00334657762172,-85.32146846828694,34.959896513290914,-85.34830389276308,POINT (-85.32146846828694 35.00334657762172),POINT (-85.34830389276308 34.959896513290914)
74,34.98951401235256,-85.33377943979244,35.00566627915928,-85.34761027812455,POINT (-85.33377943979244 34.98951401235256),POINT (-85.34761027812455 35.00566627915928)
15,35.003290440625626,-85.32111583768764,35.009021267729295,-85.30593386683202,POINT (-85.32111583768764 35.003290440625626),POINT (-85.30593386683202 35.009021267729295)
1,34.997676692438645,-85.31577080615052,35.018631574152735,-85.32033520766336,POINT (-85.31577080615052 34.997676692438645),POINT (-85.32033520766336 35.018631574152735)
54,34.99741706537391,-85.32429728398832,35.017485418173436,-85.32672558217817,POINT (-85.32429728398832 34.99741706537391),POINT (-85.32672558217817 35.017485418173436)
35,34.999333823178766,-85.33544533504933,34.980566970731374,-85.41851806700058,POINT (-85.33544533504933 34.999333823178766),POINT (-85.41851806700058 34.980566970731374)
97,35.00551576416478,-85.30892817511392,35.01533584471723,-85.29633963702379,POINT (-85.30892817511392 35.00551576416478),POINT (-85.29633963702379 35.01533584471723)
60,35.0007396514725,-85.32442438895701,34.99163015361699,-85.33840645723137,POINT (-85.32442438895701 35.0007396514725),POINT (-85.33840645723137 34.99163015361699)
44,35.00824150424323,-85.32657834266968,35.099608148226515,-85.40747027056784,POINT (-85.32657834266968 35.00824150424323),POINT (-85.40747027056784 35.099608148226515)
48,34.996673239760256,-85.31543375112624,35.01502994394776,-85.26765966972675,POINT (-85.31543375112624 34.996673239760256),POINT (-85.26765966972675 35.01502994394776)
18,34.998729377665576,-85.31672770148322,35.00409143876776,-85.34089767917233,POINT (-85.31672770148322 34.998729377665576),POINT (-85.34089767917233 35.00409143876776)
12,35.00125324612364,-85.32060594458417,34.99466306319658,-85.34762423190912,POINT (-85.32060594458417 35.00125324612364),POINT (-85.34762423190912 34.99466306319658)
13,35.00124214707925,-85.31645488199817,35.00891490725947,-85.35482601385912,POINT (-85.31645488199817 35.00124214707925),POINT (-85.35482601385912 35.00891490725947)
26,35.008724737815925,-85.32630051940615,35.074470630317734,-85.29601679042761,POINT (-85.32630051940615 35.008724737815925),POINT (-85.29601679042761 35.074470630317734)
12,35.01310710821321,-85.30579569212085,34.97027409932839,-85.28562987975752,POINT (-85.30579569212085 35.01310710821321),POINT (-85.28562987975752 34.97027409932839)
56,34.99552788447868,-85.3095784728431,34.98616267982969,-85.26046020863593,POINT (-85.3095784728431 34.99552788447868),POINT (-85.26046020863593 34.98616267982969)
23,35.00646693884981,-85.31104124524865,34.99406199533844,-85.32594357417169,POINT (-85.31104124524865 35.00646693884981),POINT (-85.32594357417169 34.99406199533844)
96,34.99641690390747,-85.32182448712261,34.97568131586661,-85.31896129962057,POINT (-85.32182448712261 34.99641690390747),POINT (-85.31896129962057 34.97568131586661)
100,35.004212928487746,-85.31282835115226,35.050881365767395,-85.2703757563986,POINT (-85.31282835115226 35.004212928487746),POINT (-85.2703757563986 35.050881365767395)
15,35.0081581159256,-85.32785384120632,35.005239949869626,-85.33849408397752,POINT (-85.32785384120632 35.0081581159256),POINT (-85.33849408397752 35.005239949869626)
54,35.00194547000997,-85.32039427094152,35.00193310080296,-85.37834829335252,POINT (-85.32039427094152 35.00194547000997),POINT (-85.37834829335252 35.00193310080296)
90,35.00481874716367,-85.3230343684075,35.006596794449024,-85.34644843185555,POINT (-85.3230343684075 35.00481874716367),POINT (-85.34644843185555 35.006596794449024)
31,35.00461794804108,-85.31825953817095,35.014483615081204,-85.27689603236196,POINT (-85.31825953817095 35.00461794804108),POINT (-85.27689603236196 35.014483615081204)
47,35.01187069486151,-85.30836586631406,34.98113228591602,-85.28621540483941,POINT (-85.30836586631406 35.01187069486151),POINT (-85.28621540483941 34.98113228591602)
64,34.99831663447443,-85.32305842732833,34.978185923389056,-85.31976926427903,POINT (-85.32305842732833 34.99831663447443),POINT (-85.31976926427903 34.978185923389056)
3,35.00106410613849,-85.32363315133773,35.020808608896786,-85.32886701471469,POINT (-85.32363315133773 35.00106410613849),POINT (-85.32886701471469 35.020808608896786)
18,35.005673257057126,-85.31612133299467,35.049036761237545,-85.25802023193523,POINT (-85.31612133299467 35.005673257057126),POINT (-85.25802023193523 35.049036761237545)
25,34.998541424754684,-85.31433821792946,34.99591256796417,-85.24603138308933,POINT (-85.31433821792946 34.998541424754684),POINT (-85.24603138308933 34.99591256796417)
11,35.000471493898644,-85.32452020139888,34.98079692577362,-85.33308228488961,POINT (-85.32452020139888 35.000471493898644),POINT (-85.33308228488961 34.98079692577362)
64,35.00551606749712,-85.31284111005662,34.994159132872475,-85.30736888588429,POINT (-85.31284111005662 35.00551606749712),POINT (-85.30736888588429 34.994159132872475)
88,34.99478891299699,-85.32676721479737,34.99717086026313,-85.30748758738173,POINT (-85.32676721479737 34.99478891299699),POINT (-85.30748758738173 34.99717086026313)
49,35.00706092619637,-85.32302561044823,34.97747667263144,-85.31641050531671,POINT (-85.32302561044823 35.00706092619637),POINT (-85.31641050531671 34.97747667263144)
14,35.00900289282051,-85.32315357321814,35.031678135104784,-85.262761740373,POINT (-85.32315357321814 35.00900289282051),POINT (-85.262761740373 35.031678135104784)
68,35.00044060320093,-85.31810626278009,34.965548367327884,-85.26559219659705,POINT (-85.31810626278009 35.00044060320093),POINT (-85.26559219659705 34.965548367327884)
43,35.001565836408005,-85.32188742833037,34.98049692565105,-85.31769202456621,POINT (-85.32188742833037 35.001565836408005),POINT (-85.31769202456621 34.98049692565105)
82,35.00129028409825,-85.32054116287175,34.999871430735006,-85.3093382832488,POINT (-85.32054116287175 35.00129028409825),POINT (-85.3093382832488 34.999871430735006)
31,35.002184012061,-85.31945064767984,35.06213862308303,-85.35363828933743,POINT (-85.31945064767984 35.002184012061),POINT (-85.35363828933743 35.06213862308303)
92,35.009814747141306,-85.32366263402461,35.011697784514254,-85.34885148785989,POINT (-85.32366263402461 35.009814747141306),POINT (-85.34885148785989 35.011697784514254)
93,35.01067309081939,-85.32476994926287,34.99028481898819,-85.30760741362009,POINT (-85.32476994926287 35.01067309081939),POINT (-85.30760741362009 34.99028481898819)
53,35.0079654668303,-85.31890885060757,35.02174415645315,-85.31407539436941,POINT (-85.31890885060757 35.0079654668303),POINT (-85.31407539436941 35.02174415645315)
47,35.0016646040105,-85.31964013012237,35.015854588176396,-85.34291733513041,POINT (-85.31964013012237 35.0016646040105),POINT (-85.34291733513041 35.015854588176396)
78,35.003645040987905,-85.32493285088529,35.01530596084098,-85.32311202761532,POINT (-85.32493285088529 35.003645040987905),POINT (-85.32311202761532 35.01530596084098)
57,35.008060354572535,-85.32507585654861,35.06169249059071,-85.20673804782356,POINT (-85.32507585654861 35.008060354572535),POINT (-85.20673804782356 35.06169249059071)
46,34.99636755732953,-85.32844898889206,35.00599029117941,-85.31805340279271,POINT (-85.32844898889206 34.99636755732953),POINT (-85.31805340279271 35.00599029117941)
50,35.00026533867151,-85.32112961505507,35.002946665713715,-85.30791071969622,POINT (-85.32112961505507 35.00026533867151),POINT (-85.30791071969622 35.002946665713715)
39,35.00105694159576,-85.30962808761943,34.98092822936233,-85.30816782382274,POINT (-85.30962808761943 35.00105694159576),POINT (-85.30816782382274 34.98092822936233)
96,34.998873851060374,-85.3154272156332,34.94400131307968,-85.13415159598274,POINT (-85.3154272156332 34.998873851060374),POINT (-85.13415159598274 34.94400131307968)
40,34.998109239400506,-85.31391700060904,34.95732617128966,-85.27009027881101,POINT (-85.31391700060904 34.998109239400506),POINT (-85.27009027881101 34.95732617128966)
39,35.00676356160339,-85.31472316912544,35.01524485175407,-85.33970442695113,POINT (-85.31472316912544 35.00676356160339),POINT (-85.33970442695113 35.01524485175407)
47,35.004159124148394,-85.3168522683342,35.0061848550969,-85.33149581634912,POINT (-85.3168522683342 35.004159124148394),POINT (-85.33149581634912 35.0061848550969)
47,35.00996652042661,-85.32046059801186,35.01490817639787,-85.3480197779772,POINT (-85.32046059801186 35.00996652042661),POINT (-85.3480197779772 35.01490817639787)
34,34.998065632869526,-85.32032681080759,34.97763907756088,-85.34750624562339,POINT (-85.32032681080759 34.998065632869526),POINT (-85.34750624562339 34.97763907756088)
44,35.00712244541747,-85.31990099189699,35.00441416973974,-85.37782077538822,POINT (-85.31990099189699 35.00712244541747),POINT (-85.37782077538822 35.00441416973974)
93,34.99840051844378,-85.3243688212819,35.012822776713,-85.36419358673646,POINT (-85.3243688212819 34.99840051844378),POINT (-85.36419358673646 35.012822776713)
93,34.989197177800115,-85.31359695604483,34.98587043115847,-85.28660856201502,POINT (-85.31359695604483 34.989197177800115),POINT (-85.28660856201502 34.98587043115847)
57,35.003912791983495,-85.31329528724481,35.0524901291217,-85.3119020651699,POINT (-85.31329528724481 35.003912791983495),POINT (-85.3119020651699 35.0524901291217)
32,34.99015115214262,-85.30743651534729,34.98984892149428,-85.31844244823725,POINT (-85.30743651534729 34.99015115214262),POINT (-85.31844244823725 34.98984892149428)
41,34.98905382127285,-85.31245359450891,34.9806775108481,-85.32703502507886,POINT (-85.31245359450891 34.98905382127285),POINT (-85.32703502507886 34.9806775108481)
14,35.0005730978835,-85.3229490333403,34.95751442699344,-85.39050806851515,POINT (-85.3229490333403 35.0005730978835),POINT (-85.39050806851515 34.95751442699344)
86,34.99633835455296,-85.31925421190539,35.03857925132009,-85.29802895005899,POINT (-85.31925421190539 34.99633835455296),POINT (-85.29802895005899 35.03857925132009)
38,35.003082700283116,-85.33055913924404,35.014464512326164,-85.32374101942615,POINT (-85.33055913924404 35.003082700283116),POINT (-85.32374101942615 35.014464512326164)
71,34.996577030065836,-85.3072903875357,34.99592441276264,-85.33740581315035,POINT (-85.3072903875357 34.996577030065836),POINT (-85.33740581315035 34.99592441276264)
83,35.00501146338297,-85.331391423704,35.036177184279076,-85.30908176598696,POINT (-85.331391423704 35.00501146338297),POINT (-85.30908176598696 35.036177184279076)
15,35.00230438742548,-85.3196939165471,35.005822517828754,-85.3356931694159,POINT (-85.3196939165471 35.00230438742548),POINT (-85.3356931694159 35.005822517828754)
76,34.993063504326365,-85.32438345480992,34.95225135837535,-85.39020930241776,POINT (-85.32438345480992 34.993063504326365),POINT (-85.39020930241776 34.95225135837535)
18,35.006218845754724,-85.32785445863622,35.00515587409508,-85.3413582316978,POINT (-85.32785445863622 35.006218845754724),POINT (-85.3413582316978 35.00515587409508)
32,35.000792765445766,-85.32130243383011,35.172262979936825,-85.35141463998075,POINT (-85.32130243383011 35.000792765445766),POINT (-85.35141463998075 35.172262979936825)
9,35.003294634692445,-85.32255588772188,34.99946612989366,-85.36957361424297,POINT (-85.32255588772188 35.003294634692445),POINT (-85.36957361424297 34.99946612989366)
27,35.00652588383022,-85.32219161409373,34.9955707487261,-85.3145352846314,POINT (-85.32219161409373 35.00652588383022),POINT (-85.3145352846314 34.9955707487261)
95,35.00954191991883,-85.32055981547106,35.00009407541549,-85.30846786032764,POINT (-85.32055981547106 35.00954191991883),POINT (-85.30846786032764 35.00009407541549)
72,35.00316687311961,-85.32574708943595,35.02365685653379,-85.32143770333548,POINT (-85.32574708943595 35.00316687311961),POINT (-85.32143770333548 35.02365685653379)
90,34.99914813186793,-85.3203711250388,35.01449435416557,-85.45160457593691,POINT (-85.3203711250388 34.99914813186793),POINT (-85.45160457593691 35.01449435416557)
58,35.00709441720394,-85.31735813067438,34.86482928489738,-85.29202813107125,POINT (-85.31735813067438 35.00709441720394),POINT (-85.29202813107125 34.86482928489738)
71,34.99646776192768,-85.319627701367,35.010096633710766,-85.2948223706595,POINT (-85.319627701367 34.99646776192768),POINT (-85.2948223706595 35.010096633710766)
82,34.99828949204168,-85.31945102384182,35.00505088495589,-85.29998608493162,POINT (-85.31945102384182 34.99828949204168),POINT (-85.29998608493162 35.00505088495589)
23,35.177294310310565,-85.19293885101017,35.13593096526331,-85.19300131021475,POINT (-85.19293885101017 35.177294310310565),POINT (-85.19300131021475 35.13593096526331)
62,35.175801014414326,-85.19550902758185,35.155570893287134,-85.21527759008747,POINT (-85.19550902758185 35.175801014414326),POINT (-85.21527759008747 35.155570893287134)
8,35.18152060249233,-85.19817652852409,35.16292375919512,-85.2807469140992,POINT (-85.19817652852409 35.18152060249233),POINT (-85.2807469140992 35.16292375919512)
3,35.192776970090634,-85.20966455811335,35.13347902130634,-85.27436477870774,POINT (-85.20966455811335 35.192776970090634),POINT (-85.27436477870774 35.13347902130634)
57,35.180854298831804,-85.19943593910774,35.16966031751924,-85.2172779612099,POINT (-85.19943593910774 35.180854298831804),POINT (-85.2172779612099 35.16966031751924)
57,35.18161000145333,-85.19827593895957,35.196437831412766,-85.18709139360504,POINT (-85.19827593895957 35.18161000145333),POINT (-85.18709139360504 35.196437831412766)
46,35.178815535202574,-85.20408676983538,35.20280828795464,-85.14430027586889,POINT (-85.20408676983538 35.178815535202574),POINT (-85.14430027586889 35.20280828795464)
62,35.17745026112778,-85.19884951979398,35.25223942185533,-85.00041019061078,POINT (-85.19884951979398 35.17745026112778),POINT (-85.00041019061078 35.25223942185533)
62,35.182000597596826,-85.19875132845944,35.19219714209098,-85.20069302304893,POINT (-85.19875132845944 35.182000597596826),POINT (-85.20069302304893 35.19219714209098)
93,35.18550877945638,-85.2027466163297,35.275510492778736,-85.13578476046536,POINT (-85.2027466163297 35.18550877945638),POINT (-85.13578476046536 35.275510492778736)
79,35.18180881035046,-85.19748197455975,35.159947033414376,-85.19983516709927,POINT (-85.19748197455975 35.18180881035046),POINT (-85.19983516709927 35.159947033414376)
18,35.18141076523725,-85.18802235602459,35.13364492356006,-85.14962286436395,POINT (-85.18802235602459 35.18141076523725),POINT (-85.14962286436395 35.13364492356006)
77,35.18442160550226,-85.2004152254304,35.19207262229253,-85.22441514581459,POINT (-85.2004152254304 35.18442160550226),POINT (-85.22441514581459 35.19207262229253)
26,35.18949841080695,-85.20381015056628,35.16278481305994,-85.24522279508564,POINT (-85.20381015056628 35.18949841080695),POINT (-85.24522279508564 35.16278481305994)
61,35.18171028386124,-85.19996972277895,35.18455446746424,-85.1863084861199,POINT (-85.19996972277895 35.18171028386124),POINT (-85.1863084861199 35.18455446746424)
40,35.187682486487695,-85.18803087682889,35.216657946997664,-85.30728120807538,POINT (-85.18803087682889 35.187682486487695),POINT (-85.30728120807538 35.216657946997664)
47,35.18621167242033,-85.1976448587037,35.18559554040606,-85.21463363884227,POINT (-85.1976448587037 35.18621167242033),POINT (-85.21463363884227 35.18559554040606)
84,35.17901806108487,-85.19606946649864,35.138831075774974,-84.98825301914091,POINT (-85.19606946649864 35.17901806108487),POINT (-84.98825301914091 35.138831075774974)
51,35.18468462842427,-85.1887174096099,35.1760993002193,-85.16582606629412,POINT (-85.1887174096099 35.18468462842427),POINT (-85.16582606629412 35.1760993002193)
51,35.18461710218008,-85.19822670046187,35.1739530638616,-85.20730101661904,POINT (-85.19822670046187 35.18461710218008),POINT (-85.20730101661904 35.1739530638616)
94,35.18771155132992,-85.20788123199613,35.18705000972771,-85.17918615673683,POINT (-85.20788123199613 35.18771155132992),POINT (-85.17918615673683 35.18705000972771)
15,35.18835198586934,-85.20976575765128,35.18957784231302,-85.22581792905265,POINT (-85.20976575765128 35.18835198586934),POINT (-85.22581792905265 35.18957784231302)
79,35.180342165852046,-85.19806054939465,35.33216944149574,-85.14538023850237,POINT (-85.19806054939465 35.180342165852046),POINT (-85.14538023850237 35.33216944149574)
79,35.17887184621567,-85.19686396521519,35.16373443593076,-85.17532559242643,POINT (-85.19686396521519 35.17887184621567),POINT (-85.17532559242643 35.16373443593076)
76,35.18522870496302,-85.1983567880692,35.19259019281511,-85.21318555944447,POINT (-85.1983567880692 35.18522870496302),POINT (-85.21318555944447 35.19259019281511)
96,35.183532164327694,-85.20141369085982,35.182532461243355,-85.21931531153633,POINT (-85.20141369085982 35.183532164327694),POINT (-85.21931531153633 35.182532461243355)
7,35.18229996606863,-85.19221727392416,35.169446093103,-85.20528747845303,POINT (-85.19221727392416 35.18229996606863),POINT (-85.20528747845303 35.169446093103)
50,35.174114453919465,-85.20733958628793,35.159017311390286,-85.20982869036843,POINT (-85.20733958628793 35.174114453919465),POINT (-85.20982869036843 35.159017311390286)
33,35.19144342617696,-85.20650140002658,35.17891596409452,-85.21832309240746,POINT (-85.20650140002658 35.19144342617696),POINT (-85.21832309240746 35.17891596409452)
38,35.182365445896096,-85.19210873309642,35.1409987240847,-85.13448907444987,POINT (-85.19210873309642 35.182365445896096),POINT (-85.13448907444987 35.1409987240847)
63,35.186438289723505,-85.20188512355078,35.18829801646166,-85.21380581618641,POINT (-85.20188512355078 35.186438289723505),POINT (-85.21380581618641 35.18829801646166)
39,35.178622108228964,-85.19829935864233,35.18068344727801,-85.18290057911655,POINT (-85.19829935864233 35.178622108228964),POINT (-85.18290057911655 35.18068344727801)
67,35.17901373154368,-85.19303983139558,35.20056978486575,-85.1821540322651,POINT (-85.19303983139558 35.17901373154368),POINT (-85.1821540322651 35.20056978486575)
13,35.185523852978655,-85.19612307772297,35.18362803313614,-85.20783775694784,POINT (-85.19612307772297 35.185523852978655),POINT (-85.20783775694784 35.18362803313614)
69,35.1833351747237,-85.20642608544732,35.1363657966341,-85.23366212632217,POINT (-85.20642608544732 35.1833351747237),POINT (-85.23366212632217 35.1363657966341)
48,35.183358093348566,-85.19501177470954,35.171395742302344,-85.20905321612904,POINT (-85.19501177470954 35.183358093348566),POINT (-85.20905321612904 35.171395742302344)
86,35.19089260419505,-85.19653226313308,35.183521792083454,-85.22825038644146,POINT (-85.19653226313308 35.19089260419505),POINT (-85.22825038644146 35.183521792083454)
94,35.176751616119596,-85.19463899392157,35.17767076024734,-85.26599351911956,POINT (-85.19463899392157 35.176751616119596),POINT (-85.26599351911956 35.17767076024734)
55,35.18402933055725,-85.19595200176242,35.06825359517931,-85.16151376491474,POINT (-85.19595200176242 35.18402933055725),POINT (-85.16151376491474 35.06825359517931)
13,35.18405487632372,-85.20568683307859,35.221337881094016,-85.23352454806974,POINT (-85.20568683307859 35.18405487632372),POINT (-85.23352454806974 35.221337881094016)
71,35.18324745252968,-85.1990220127188,35.132966912597546,-85.26114908109801,POINT (-85.1990220127188 35.18324745252968),POINT (-85.26114908109801 35.132966912597546)
73,35.184841520299095,-85.20230259619451,35.1614238538108,-85.18957287459878,POINT (-85.20230259619451 35.184841520299095),POINT (-85.18957287459878 35.1614238538108)
34,35.18872250355485,-85.20161316608788,35.1966232624351,-85.17409598538666,POINT (-85.20161316608788 35.18872250355485),POINT (-85.17409598538666 35.1966232624351)
67,35.1819609098686,-85.19995163022497,35.195531743275026,-85.22215757662433,POINT (-85.19995163022497 35.1819609098686),POINT (-85.22215757662433 35.195531743275026)
60,35.1942254263144,-85.21037146908628,35.199844164822586,-85.17614403090298,POINT (-85.21037146908628 35.1942254263144),POINT (-85.17614403090298 35.199844164822586)
67,35.17992155290475,-85.20764371056676,35.127875814387465,-85.26537529858966,POINT (-85.20764371056676 35.17992155290475),POINT (-85.26537529858966 35.127875814387465)
9,35.17842410128631,-85.2064040760087,35.19992397134474,-85.19902859807489,POINT (-85.2064040760087 35.17842410128631),POINT (-85.19902859807489 35.19992397134474)
21,35.18052029203449,-85.19694843209787,35.225981481681195,-85.16518965585287,POINT (-85.19694843209787 35.18052029203449),POINT (-85.16518965585287 35.225981481681195)
15,35.17760751619417,-85.18776011360322,35.163579494997435,-85.21422207272529,POINT (-85.18776011360322 35.17760751619417),POINT (-85.21422207272529 35.163579494997435)
50,35.1825499414186,-85.20813153575985,35.15959696858769,-85.20893614638923,POINT (-85.20813153575985 35.1825499414186),POINT (-85.20893614638923 35.15959696858769)
13,35.184316458964595,-85.20262121462683,35.17396201690247,-85.21978573150022,POINT (-85.20262121462683 35.184316458964595),POINT (-85.21978573150022 35.17396201690247)
84,35.18029860272433,-85.20429466276964,35.16708408859122,-85.1960466121975,POINT (-85.20429466276964 35.18029860272433),POINT (-85.1960466121975 35.16708408859122)
84,35.1766458900167,-85.20040572301147,35.174498652658414,-85.23754762045546,POINT (-85.20040572301147 35.1766458900167),POINT (-85.23754762045546 35.174498652658414)
28,35.18740523120641,-85.1953408912967,35.15236484092677,-85.11413118069906,POINT (-85.1953408912967 35.18740523120641),POINT (-85.11413118069906 35.15236484092677)
47,35.17441830077234,-85.19775436884449,35.19850818251094,-85.18408319781301,POINT (-85.19775436884449 35.17441830077234),POINT (-85.18408319781301 35.19850818251094)
65,35.182660146075385,-85.19412913779733,35.1826335378192,-85.17556655500647,POINT (-85.19412913779733 35.182660146075385),POINT (-85.17556655500647 35.1826335378192)
84,35.17848443044989,-85.20257778240058,35.187406705899306,-85.1960760050968,POINT (-85.20257778240058 35.17848443044989),POINT (-85.1960760050968 35.187406705899306)
60,35.18173117497866,-85.19626114363456,35.18660750829059,-85.22525537697288,POINT (-85.19626114363456 35.18173117497866),POINT (-85.22525537697288 35.18660750829059)
33,35.17490834508186,-85.20061724496053,35.2268321551622,-85.14384299014262,POINT (-85.20061724496053 35.17490834508186),POINT (-85.14384299014262 35.2268321551622)
98,35.1809635732205,-85.19388033754252,35.20338308767601,-85.1765251362368,POINT (-85.19388033754252 35.1809635732205),POINT (-85.1765251362368 35.20338308767601)
95,35.18118857159194,-85.19854589749062,35.19883057126645,-85.11319207519476,POINT (-85.19854589749062 35.18118857159194),POINT (-85.11319207519476 35.19883057126645)
29,35.18331092807792,-85.19748438449602,35.248576444598285,-85.2347269651319,POINT (-85.19748438449602 35.18331092807792),POINT (-85.2347269651319 35.248576444598285)
81,35.180520228258295,-85.19824395385068,35.209373388709594,-85.2291207411092,POINT (-85.19824395385068 35.180520228258295),POINT (-85.2291207411092 35.209373388709594)
89,35.181971023848234,-85.20642308715045,35.184277778084166,-85.19450548717867,POINT (-85.20642308715045 35.181971023848234),POINT (-85.19450548717867 35.184277778084166)
14,35.19191735514203,-85.19738672192551,35.19534987518663,-85.17983784219193,POINT (-85.19738672192551 35.19191735514203),POINT (-85.17983784219193 35.19534987518663)
22,35.18668812772692,-85.18978311481591,35.195236532215745,-85.16489313956482,POINT (-85.18978311481591 35.18668812772692),POINT (-85.16489313956482 35.195236532215745)
39,35.18365098811424,-85.20257086419885,35.19415781796605,-85.2778899019338,POINT (-85.20257086419885 35.18365098811424),POINT (-85.2778899019338 35.19415781796605)
55,35.183405544218566,-85.19579096510934,35.261233521551354,-85.00144975204859,POINT (-85.19579096510934 35.183405544218566),POINT (-85.00144975204859 35.261233521551354)
9,35.184796627774546,-85.20205519778223,35.15570202359421,-85.20163267118697,POINT (-85.20205519778223 35.184796627774546),POINT (-85.20163267118697 35.15570202359421)
5,35.18007787954312,-85.19966726952023,35.18758386896512,-85.22027752164661,POINT (-85.19966726952023 35.18007787954312),POINT (-85.22027752164661 35.18758386896512)
80,35.176651717589785,-85.20770571491626,35.14776646554627,-85.12812606528183,POINT (-85.20770571491626 35.176651717589785),POINT (-85.12812606528183 35.14776646554627)
70,35.177553271397905,-85.19426949171225,35.21509212014506,-85.29019742119156,POINT (-85.19426949171225 35.177553271397905),POINT (-85.29019742119156 35.21509212014506)
42,35.18576492586617,-85.20395259267175,35.07235702197538,-85.05174929515135,POINT (-85.20395259267175 35.18576492586617),POINT (-85.05174929515135 35.07235702197538)
51,35.17820572603475,-85.19473108906969,35.15258789715373,-85.22662808046621,POINT (-85.19473108906969 35.17820572603475),POINT (-85.22662808046621 35.15258789715373)
45,35.183354741888046,-85.19809377918486,35.13010909121512,-85.17650156579343,POINT (-85.19809377918486 35.183354741888046),POINT (-85.17650156579343 35.13010909121512)
5,35.18303838129821,-85.20156551663052,35.164963114398425,-85.20306146736802,POINT (-85.20156551663052 35.18303838129821),POINT (-85.20306146736802 35.164963114398425)
13,35.17894061098986,-85.19236972367953,35.16794027362582,-85.22231531055557,POINT (-85.19236972367953 35.17894061098986),POINT (-85.22231531055557 35.16794027362582)
94,35.19109876965153,-85.2065652412772,35.178531249479015,-85.20017574996682,POINT (-85.2065652412772 35.19109876965153),POINT (-85.20017574996682 35.178531249479015)
38,35.18288951064245,-85.19516387597734,35.15842168066351,-85.19515749778722,POINT (-85.19516387597734 35.18288951064245),POINT (-85.19515749778722 35.15842168066351)
41,35.18316370687707,-85.19362913517575,35.1828375607344,-85.20825537107685,POINT (-85.19362913517575 35.18316370687707),POINT (-85.20825537107685 35.1828375607344)
33,35.18134125691078,-85.20050211675753,35.230205789394866,-85.16401471155179,POINT (-85.20050211675753 35.18134125691078),POINT (-85.16401471155179 35.230205789394866)
63,35.173689760940924,-85.18637298098707,35.1589160650942,-85.03822201433081,POINT (-85.18637298098707 35.173689760940924),POINT (-85.03822201433081 35.1589160650942)
2,35.17949764129522,-85.19851571953319,35.14098237949267,-85.17143434106559,POINT (-85.19851571953319 35.17949764129522),POINT (-85.17143434106559 35.14098237949267)
36,35.18560209509311,-85.19722317411363,35.17284231686844,-85.17467284182653,POINT (-85.19722317411363 35.18560209509311),POINT (-85.17467284182653 35.17284231686844)
11,35.18097431419943,-85.19802337955547,35.18904067911227,-85.22757204506311,POINT (-85.19802337955547 35.18097431419943),POINT (-85.22757204506311 35.18904067911227)
19,35.187898650365206,-85.20504980142928,35.204203200789095,-85.20023404862967,POINT (-85.20504980142928 35.187898650365206),POINT (-85.20023404862967 35.204203200789095)
78,35.18894457127962,-85.20072574840667,35.19499700496794,-85.21152800123997,POINT (-85.20072574840667 35.18894457127962),POINT (-85.21152800123997 35.19499700496794)
34,35.18109304908863,-85.20136357182324,35.20140163287873,-85.12815885581541,POINT (-85.20136357182324 35.18109304908863),POINT (-85.12815885581541 35.20140163287873)
29,35.18026198120289,-85.20240326873702,35.17719330087449,-85.22425656423744,POINT (-85.20240326873702 35.18026198120289),POINT (-85.22425656423744 35.17719330087449)
24,35.18839257378597,-85.20771444413286,35.185842740003565,-85.19396810983832,POINT (-85.20771444413286 35.18839257378597),POINT (-85.19396810983832 35.185842740003565)
75,35.18464406080773,-85.19911770083418,35.19606584356133,-85.18154490629884,POINT (-85.19911770083418 35.18464406080773),POINT (-85.18154490629884 35.19606584356133)
56,35.18400313431723,-85.18703722867795,35.20711014509541,-85.17896820533234,POINT (-85.18703722867795 35.18400313431723),POINT (-85.17896820533234 35.20711014509541)
5,35.18371320317133,-85.19555942766978,35.18744742938434,-85.16542889908828,POINT (-85.19555942766978 35.18371320317133),POINT (-85.16542889908828 35.18744742938434)
46,35.18335730668603,-85.19233001409506,35.173317301564985,-85.16203560103821,POINT (-85.19233001409506 35.18335730668603),POINT (-85.16203560103821 35.173317301564985)
43,35.17606613815713,-85.19628678134876,35.19311196135116,-85.27880153825632,POINT (-85.19628678134876 35.17606613815713),POINT (-85.27880153825632 35.19311196135116)
78,35.18712931958854,-85.19334955221622,35.21318139945767,-85.26337333410623,POINT (-85.19334955221622 35.18712931958854),POINT (-85.26337333410623 35.21318139945767)
68,35.182812192327596,-85.19515466576453,35.16621447099658,-85.19143251627307,POINT (-85.19515466576453 35.182812192327596),POINT (-85.19143251627307 35.16621447099658)
12,35.1912752714857,-85.20878436816373,35.13984306356763,-85.15156037156834,POINT (-85.20878436816373 35.1912752714857),POINT (-85.15156037156834 35.13984306356763)
70,35.18366258017232,-85.1978487838245,35.16589749068404,-85.17867887433391,POINT (-85.1978487838245 35.18366258017232),POINT (-85.17867887433391 35.16589749068404)
4,35.17225243717072,-85.20629407892488,35.16444778431518,-85.19499822772599,POINT (-85.20629407892488 35.17225243717072),POINT (-85.19499822772599 35.16444778431518)
97,35.12604903990965,-85.10428214410463,35.12817682134598,-85.13246432512209,POINT (-85.10428214410463 35.12604903990965),POINT (-85.13246432512209 35.12817682134598)
47,35.12448862348292,-85.0945638199167,35.11899542414357,-85.1254868636261,POINT (-85.0945638199167 35.12448862348292),POINT (-85.1254868636261 35.11899542414357)
6,35.13183883649736,-85.09248433497285,35.24367020667179,-85.24166651441375,POINT (-85.09248433497285 35.13183883649736),POINT (-85.24166651441375 35.24367020667179)
29,35.12396366610174,-85.09880371872421,35.0927827654348,-85.0836572134939,POINT (-85.09880371872421 35.12396366610174),POINT (-85.0836572134939 35.0927827654348)
31,35.12173013268291,-85.10833131972434,35.097145443146935,-85.09991202012777,POINT (-85.10833131972434 35.12173013268291),POINT (-85.09991202012777 35.097145443146935)
99,35.12619155399419,-85.10342286789447,35.139490325767724,-85.08950675838295,POINT (-85.10342286789447 35.12619155399419),POINT (-85.08950675838295 35.139490325767724)
51,35.12250985097988,-85.08848059740815,35.1178223222969,-85.11461648413494,POINT (-85.08848059740815 35.12250985097988),POINT (-85.11461648413494 35.1178223222969)
1,35.12443314648693,-85.09684737749502,35.11243077117915,-85.15917324874106,POINT (-85.09684737749502 35.12443314648693),POINT (-85.15917324874106 35.11243077117915)
88,35.13255150395064,-85.09275395587687,35.16893197532052,-85.05560041794926,POINT (-85.09275395587687 35.13255150395064),POINT (-85.05560041794926 35.16893197532052)
73,35.1230169814127,-85.09560619247189,35.128710373352774,-85.08225957285057,POINT (-85.09560619247189 35.1230169814127),POINT (-85.08225957285057 35.128710373352774)
62,35.125359883033966,-85.10657613256511,35.13016696401704,-85.13369914010568,POINT (-85.10657613256511 35.125359883033966),POINT (-85.13369914010568 35.13016696401704)
26,35.126267537847006,-85.0960113434144,35.119756298400205,-85.10459542682456,POINT (-85.0960113434144 35.126267537847006),POINT (-85.10459542682456 35.119756298400205)
38,35.13185665585589,-85.10603700963813,35.14224103828104,-85.09980448572422,POINT (-85.10603700963813 35.13185665585589),POINT (-85.09980448572422 35.14224103828104)
14,35.121730213039086,-85.10024182495836,35.16286103327684,-85.13735467974091,POINT (-85.10024182495836 35.121730213039086),POINT (-85.13735467974091 35.16286103327684)
25,35.11930585974189,-85.08572799468628,35.13598367086064,-85.10170642023034,POINT (-85.08572799468628 35.11930585974189),POINT (-85.10170642023034 35.13598367086064)
66,35.117536053558574,-85.1017800596353,35.12332442989171,-85.16323880869592,POINT (-85.1017800596353 35.117536053558574),POINT (-85.16323880869592 35.12332442989171)
52,35.1339961407652,-85.09797957285465,35.07219304348597,-85.13663358473264,POINT (-85.09797957285465 35.1339961407652),POINT (-85.13663358473264 35.07219304348597)
94,35.12163988994327,-85.0971044510879,35.103454326470484,-85.11095566449669,POINT (-85.0971044510879 35.12163988994327),POINT (-85.11095566449669 35.103454326470484)
42,35.125915044026,-85.09305241380856,35.10592702304812,-85.09275730965646,POINT (-85.09305241380856 35.125915044026),POINT (-85.09275730965646 35.10592702304812)
28,35.113419027032506,-85.0839954486942,35.10263243017862,-85.07695626247276,POINT (-85.0839954486942 35.113419027032506),POINT (-85.07695626247276 35.10263243017862)
51,35.11648237413906,-85.09712779538006,35.13360414532009,-85.09462728061347,POINT (-85.09712779538006 35.11648237413906),POINT (-85.09462728061347 35.13360414532009)
36,35.12650232510372,-85.09657294285212,35.14191403067532,-85.07042940584587,POINT (-85.09657294285212 35.12650232510372),POINT (-85.07042940584587 35.14191403067532)
53,35.126639569450745,-85.09883366795727,35.11097491599978,-85.09769301380342,POINT (-85.09883366795727 35.126639569450745),POINT (-85.09769301380342 35.11097491599978)
23,35.121183121983556,-85.09835650547193,35.14010230368053,-85.07875936697675,POINT (-85.09835650547193 35.121183121983556),POINT (-85.07875936697675 35.14010230368053)
3,35.12103321559803,-85.09850090782481,35.14380254455767,-85.11977179231509,POINT (-85.09850090782481 35.12103321559803),POINT (-85.11977179231509 35.14380254455767)
91,35.113295008519145,-85.09360609792445,35.09923785066041,-85.0707135581864,POINT (-85.09360609792445 35.113295008519145),POINT (-85.0707135581864 35.09923785066041)
63,35.12088591685271,-85.09846210532152,35.13474328910369,-85.11652808254098,POINT (-85.09846210532152 35.12088591685271),POINT (-85.11652808254098 35.13474328910369)
24,35.1240118517924,-85.09625458358113,35.1023673105913,-85.09503377117422,POINT (-85.09625458358113 35.1240118517924),POINT (-85.09503377117422 35.1023673105913)
31,35.131037935668424,-85.08996516496448,35.08823509029973,-85.09307887086464,POINT (-85.08996516496448 35.131037935668424),POINT (-85.09307887086464 35.08823509029973)
19,35.12493104171168,-85.09555855883694,35.15673682165696,-85.05292747324015,POINT (-85.09555855883694 35.12493104171168),POINT (-85.05292747324015 35.15673682165696)
28,35.13574578379816,-85.10443944862251,35.01746014834237,-84.99369682543411,POINT (-85.10443944862251 35.13574578379816),POINT (-84.99369682543411 35.01746014834237)
64,35.13261260390739,-85.09004322948489,35.119351265081306,-85.0831996807587,POINT (-85.09004322948489 35.13261260390739),POINT (-85.0831996807587 35.119351265081306)
21,35.11817479152457,-85.10557231826783,35.13108331876591,-85.08008407891134,POINT (-85.10557231826783 35.11817479152457),POINT (-85.08008407891134 35.13108331876591)
51,35.13149939705831,-85.0981516371548,35.13733907349563,-85.0857001673901,POINT (-85.0981516371548 35.13149939705831),POINT (-85.0857001673901 35.13733907349563)
26,35.12263964734287,-85.10106822412497,35.10450656224213,-85.16058788174672,POINT (-85.10106822412497 35.12263964734287),POINT (-85.16058788174672 35.10450656224213)
58,35.12588805287297,-85.09595570470931,35.13392974585421,-85.11762104204993,POINT (-85.09595570470931 35.12588805287297),POINT (-85.11762104204993 35.13392974585421)
100,35.12837970907233,-85.08450614996472,35.1575492987556,-85.10681464040924,POINT (-85.08450614996472 35.12837970907233),POINT (-85.10681464040924 35.1575492987556)
89,35.12318974841827,-85.09611845313137,35.17647041960617,-85.10969978158616,POINT (-85.09611845313137 35.12318974841827),POINT (-85.10969978158616 35.17647041960617)
47,35.13055416303295,-85.08953159466253,35.13677647337724,-85.09907942972406,POINT (-85.08953159466253 35.13055416303295),POINT (-85.09907942972406 35.13677647337724)
33,35.12762283934769,-85.10190495633378,35.144602556801345,-85.122806545699,POINT (-85.10190495633378 35.12762283934769),POINT (-85.122806545699 35.144602556801345)
32,35.117993848934475,-85.10188630103251,35.11685971958843,-85.11758162366596,POINT (-85.10188630103251 35.117993848934475),POINT (-85.11758162366596 35.11685971958843)
37,35.11425342421802,-85.09934358501987,35.11424841337172,-85.11337596989065,POINT (-85.09934358501987 35.11425342421802),POINT (-85.11337596989065 35.11424841337172)
96,35.11977319896442,-85.10201849440243,35.11540525148204,-85.08971098678771,POINT (-85.10201849440243 35.11977319896442),POINT (-85.08971098678771 35.11540525148204)
27,35.129425008344455,-85.09174774307156,35.19958869002706,-85.0493901516484,POINT (-85.09174774307156 35.129425008344455),POINT (-85.0493901516484 35.19958869002706)
65,35.12557428548452,-85.09475066017143,35.13957189503417,-85.10447436595952,POINT (-85.09475066017143 35.12557428548452),POINT (-85.10447436595952 35.13957189503417)
76,35.1245963443492,-85.097259309811,35.10555976438032,-85.04741822397041,POINT (-85.097259309811 35.1245963443492),POINT (-85.04741822397041 35.10555976438032)
48,35.126716536660474,-85.09364954252385,35.166013322401575,-85.04704137889776,POINT (-85.09364954252385 35.126716536660474),POINT (-85.04704137889776 35.166013322401575)
92,35.12838705931784,-85.10084326850148,35.169236817761075,-85.1485617343548,POINT (-85.10084326850148 35.12838705931784),POINT (-85.1485617343548 35.169236817761075)
58,35.129815758131244,-85.08293081825785,35.099853888581166,-85.03060127311934,POINT (-85.08293081825785 35.129815758131244),POINT (-85.03060127311934 35.099853888581166)
86,35.125078162592004,-85.0958061486834,35.142358369310735,-85.07871695404356,POINT (-85.0958061486834 35.125078162592004),POINT (-85.07871695404356 35.142358369310735)
32,35.11768166041231,-85.09034679419098,35.14571389323292,-85.02926102314635,POINT (-85.09034679419098 35.11768166041231),POINT (-85.02926102314635 35.14571389323292)
45,35.11629169459273,-85.09738278223097,35.13029057813111,-85.1031175503507,POINT (-85.09738278223097 35.11629169459273),POINT (-85.1031175503507 35.13029057813111)
31,35.11795179720097,-85.0991306186495,35.119360240466534,-85.06668110520965,POINT (-85.0991306186495 35.11795179720097),POINT (-85.06668110520965 35.119360240466534)
34,35.113063368126376,-85.09985773711185,35.057839869324475,-85.0815184061962,POINT (-85.09985773711185 35.113063368126376),POINT (-85.0815184061962 35.057839869324475)
24,35.1233105656632,-85.08933295736327,35.12790507692771,-85.07652009250705,POINT (-85.08933295736327 35.1233105656632),POINT (-85.07652009250705 35.12790507692771)
58,35.12200097329011,-85.10279605107583,35.06878400504575,-85.108509139602,POINT (-85.10279605107583 35.12200097329011),POINT (-85.108509139602 35.06878400504575)
62,35.1194309519787,-85.0981721256009,35.114610885387485,-85.03977348460715,POINT (-85.0981721256009 35.1194309519787),POINT (-85.03977348460715 35.114610885387485)
80,35.12393061742092,-85.09244715667012,35.136106516266885,-85.0926686100787,POINT (-85.09244715667012 35.12393061742092),POINT (-85.0926686100787 35.136106516266885)
18,35.126965569250764,-85.0901469607097,35.123916627203194,-85.10974545527385,POINT (-85.0901469607097 35.126965569250764),POINT (-85.10974545527385 35.123916627203194)
28,35.1186731703765,-85.09821077401072,35.09598053419225,-85.10726236028911,POINT (-85.09821077401072 35.1186731703765),POINT (-85.10726236028911 35.09598053419225)
26,35.117042609023564,-85.1002545608394,35.10294615116479,-85.12540831607708,POINT (-85.1002545608394 35.117042609023564),POINT (-85.12540831607708 35.10294615116479)
74,35.121137494530856,-85.09976530140531,35.140046601788065,-85.06423159275329,POINT (-85.09976530140531 35.121137494530856),POINT (-85.06423159275329 35.140046601788065)
60,35.12607434282954,-85.09599585353016,35.124687306694284,-85.02402204139503,POINT (-85.09599585353016 35.12607434282954),POINT (-85.02402204139503 35.124687306694284)
47,35.128034102493565,-85.09942512976885,35.10367510465945,-85.17361505558372,POINT (-85.09942512976885 35.128034102493565),POINT (-85.17361505558372 35.10367510465945)
90,35.126917093700946,-85.09270833670122,35.09834568847112,-85.12415434334467,POINT (-85.09270833670122 35.126917093700946),POINT (-85.12415434334467 35.09834568847112)
70,35.1233549493634,-85.09839674862005,35.11133625852268,-85.10229553291943,POINT (-85.09839674862005 35.1233549493634),POINT (-85.10229553291943 35.11133625852268)
61,35.12023375658993,-85.08773148895605,35.12096595107428,-85.06240487454116,POINT (-85.08773148895605 35.12023375658993),POINT (-85.06240487454116 35.12096595107428)
87,35.116769151783515,-85.09088001148417,35.12033482545061,-85.10158113416385,POINT (-85.09088001148417 35.116769151783515),POINT (-85.10158113416385 35.12033482545061)
88,35.13178859588097,-85.10492824457826,35.13374956524496,-85.0840506208187,POINT (-85.10492824457826 35.13178859588097),POINT (-85.0840506208187 35.13374956524496)
17,35.12170288561347,-85.10016561630101,35.13760373941075,-85.11760084062978,POINT (-85.10016561630101 35.12170288561347),POINT (-85.11760084062978 35.13760373941075)
2,35.12997903611791,-85.1038791959037,35.13041286589272,-85.09269644905645,POINT (-85.1038791959037 35.12997903611791),POINT (-85.09269644905645 35.13041286589272)
31,35.12507331998691,-85.09453206789081,35.11668265407149,-85.11567644534492,POINT (-85.09453206789081 35.12507331998691),POINT (-85.11567644534492 35.11668265407149)
80,35.119599192862125,-85.09354957406964,35.06667712333307,-85.14551150412314,POINT (-85.09354957406964 35.119599192862125),POINT (-85.14551150412314 35.06667712333307)
81,35.12081601395397,-85.09384678854387,35.053543099245964,-85.19444797034187,POINT (-85.09384678854387 35.12081601395397),POINT (-85.19444797034187 35.053543099245964)
82,35.12749373136347,-85.09113967318467,35.113248476013105,-85.0898943536819,POINT (-85.09113967318467 35.12749373136347),POINT (-85.0898943536819 35.113248476013105)
43,35.125517576670575,-85.08962166200212,35.13491983517567,-85.08647007132502,POINT (-85.08962166200212 35.125517576670575),POINT (-85.08647007132502 35.13491983517567)
67,35.12718015603065,-85.097104143199,35.10159222859461,-85.10310533881922,POINT (-85.097104143199 35.12718015603065),POINT (-85.10310533881922 35.10159222859461)
22,35.11571586601295,-85.08858007358002,35.09038380357717,-85.13585604361167,POINT (-85.08858007358002 35.11571586601295),POINT (-85.13585604361167 35.09038380357717)
56,35.12672543900365,-85.09774981701044,35.12128841178052,-85.10706783740571,POINT (-85.09774981701044 35.12672543900365),POINT (-85.10706783740571 35.12128841178052)
88,35.12602657415852,-85.09792065095425,35.14391916385026,-85.08458710256461,POINT (-85.09792065095425 35.12602657415852),POINT (-85.08458710256461 35.14391916385026)
10,35.123941588557564,-85.09487756253418,35.11652113169767,-85.11864102581215,POINT (-85.09487756253418 35.123941588557564),POINT (-85.11864102581215 35.11652113169767)
50,35.12636270972931,-85.0934236352922,35.199819548256194,-85.18324790826321,POINT (-85.0934236352922 35.12636270972931),POINT (-85.18324790826321 35.199819548256194)
93,35.128662955308165,-85.09107433761714,35.13869483714553,-85.08591564106557,POINT (-85.09107433761714 35.128662955308165),POINT (-85.08591564106557 35.13869483714553)
42,35.12746658412891,-85.10257189616448,35.11382688109336,-85.1154108045854,POINT (-85.10257189616448 35.12746658412891),POINT (-85.1154108045854 35.11382688109336)
62,35.12385743975422,-85.09203604951233,35.12951664205925,-85.04479225257732,POINT (-85.09203604951233 35.12385743975422),POINT (-85.04479225257732 35.12951664205925)
47,35.13373620376409,-85.10427843665741,35.11636885771631,-85.07566555448336,POINT (-85.10427843665741 35.13373620376409),POINT (-85.07566555448336 35.11636885771631)
98,35.12151578462341,-85.09339539208247,34.980727706691965,-85.1472862499057,POINT (-85.09339539208247 35.12151578462341),POINT (-85.1472862499057 34.980727706691965)
48,35.11863535781976,-85.10357288832921,35.10065775484703,-85.1545645396523,POINT (-85.10357288832921 35.11863535781976),POINT (-85.1545645396523 35.10065775484703)
84,35.123347886490656,-85.09454889341882,35.12434976019281,-85.10905621930573,POINT (-85.09454889341882 35.123347886490656),POINT (-85.10905621930573 35.12434976019281)
88,35.12716618884893,-85.09387686638787,35.12283752735257,-85.06392950060908,POINT (-85.09387686638787 35.12716618884893),POINT (-85.06392950060908 35.12283752735257)
75,35.1276000498101,-85.09188322005974,35.122906338802615,-85.06370035244015,POINT (-85.09188322005974 35.1276000498101),POINT (-85.06370035244015 35.122906338802615)
41,35.125030744180535,-85.0972832595472,35.1266501097122,-85.08387946649653,POINT (-85.0972832595472 35.125030744180535),POINT (-85.08387946649653 35.1266501097122)
85,35.12083230064902,-85.1067287102099,35.14030969034213,-85.10934895593712,POINT (-85.1067287102099 35.12083230064902),POINT (-85.10934895593712 35.14030969034213)
58,35.1231119811185,-85.09583490892891,35.139565434650436,-85.11417774418943,POINT (-85.09583490892891 35.1231119811185),POINT (-85.11417774418943 35.139565434650436)
66,35.1236760444377,-85.09850307025356,35.22105369639612,-85.07580306393956,POINT (-85.09850307025356 35.1236760444377),POINT (-85.07580306393956 35.22105369639612)
51,35.11666013407917,-85.09116368903706,35.16850341035292,-85.15107144358478,POINT (-85.09116368903706 35.11666013407917),POINT (-85.15107144358478 35.16850341035292)
2,35.12246262346799,-85.08893710085067,35.101894741650845,-85.08018178530979,POINT (-85.08893710085067 35.12246262346799),POINT (-85.08018178530979 35.101894741650845)
89,35.127809490869204,-85.0926841864904,35.141287417159326,-85.08167289981792,POINT (-85.0926841864904 35.127809490869204),POINT (-85.08167289981792 35.141287417159326)
88,35.12433230111943,-85.09864868476267,35.17413991708238,-85.12380469444274,POINT (-85.09864868476267 35.12433230111943),POINT (-85.12380469444274 35.17413991708238)
58,35.124948322068846,-85.09962038544523,35.12184503438927,-85.13053947745468,POINT (-85.09962038544523 35.124948322068846),POINT (-85.13053947745468 35.12184503438927)
34,35.12889013516101,-85.2690809942317,35.15178204793527,-85.26055767706526,POINT (-85.2690809942317 35.12889013516101),POINT (-85.26055767706526 35.15178204793527)
39,35.14515954064754,-85.24220454434418,35.15081368416621,-85.22528049419135,POINT (-85.24220454434418 35.14515954064754),POINT (-85.22528049419135 35.15081368416621)
15,35.138590821621314,-85.26604520453569,35.18003970737556,-85.27695884174132,POINT (-85.26604520453569 35.138590821621314),POINT (-85.27695884174132 35.18003970737556)
49,35.14653018302563,-85.24282997626574,35.13913282514256,-85.22589745877075,POINT (-85.24282997626574 35.14653018302563),POINT (-85.22589745877075 35.13913282514256)
32,35.13041231610825,-85.25739779896885,35.25986104289944,-85.3656051251514,POINT (-85.25739779896885 35.13041231610825),POINT (-85.3656051251514 35.25986104289944)
91,35.14393947777818,-85.26143901800815,35.161474092568255,-85.19271038661317,POINT (-85.26143901800815 35.14393947777818),POINT (-85.19271038661317 35.161474092568255)
88,35.142337414238604,-85.24954292152464,35.15158584902237,-85.24285742140914,POINT (-85.24954292152464 35.142337414238604),POINT (-85.24285742140914 35.15158584902237)
42,35.14483239025022,-85.2498013438668,35.14229425435933,-85.23837151665835,POINT (-85.2498013438668 35.14483239025022),POINT (-85.23837151665835 35.14229425435933)
48,35.14160290412936,-85.256475660942,35.166039941363195,-85.27025706950236,POINT (-85.256475660942 35.14160290412936),POINT (-85.27025706950236 35.166039941363195)
27,35.132208022468674,-85.254863772437,35.11020318646214,-85.22677274073968,POINT (-85.254863772437 35.132208022468674),POINT (-85.22677274073968 35.11020318646214)
43,35.14870502610006,-85.24652569586733,35.13866088980419,-85.23648891864148,POINT (-85.24652569586733 35.14870502610006),POINT (-85.23648891864148 35.13866088980419)
14,35.13653123938082,-85.25058681550468,35.25890576422786,-85.13548592953389,POINT (-85.25058681550468 35.13653123938082),POINT (-85.13548592953389 35.25890576422786)
61,35.147197936825805,-85.25772691233905,35.044134283533374,-85.29005084247176,POINT (-85.25772691233905 35.147197936825805),POINT (-85.29005084247176 35.044134283533374)
58,35.13830976397655,-85.25530153614038,35.13029752823677,-85.23514328016977,POINT (-85.25530153614038 35.13830976397655),POINT (-85.23514328016977 35.13029752823677)
92,35.14244113462571,-85.25515323279673,35.12148754018271,-85.25264440749089,POINT (-85.25515323279673 35.14244113462571),POINT (-85.25264440749089 35.12148754018271)
13,35.137512853555634,-85.25404844156859,35.159040312435984,-85.26116231442228,POINT (-85.25404844156859 35.137512853555634),POINT (-85.26116231442228 35.159040312435984)
42,35.14000409141882,-85.25072795536681,35.08841699359213,-85.23702128701024,POINT (-85.25072795536681 35.14000409141882),POINT (-85.23702128701024 35.08841699359213)
68,35.130844918650894,-85.25284200380568,35.06867484455786,-85.28522153774784,POINT (-85.25284200380568 35.130844918650894),POINT (-85.28522153774784 35.06867484455786)
69,35.13231296921268,-85.25326636304845,35.234257044219895,-85.14957348073524,POINT (-85.25326636304845 35.13231296921268),POINT (-85.14957348073524 35.234257044219895)
58,35.14550616684308,-85.26432090019595,35.141871554767896,-85.24773231356865,POINT (-85.26432090019595 35.14550616684308),POINT (-85.24773231356865 35.141871554767896)
22,35.141635313399746,-85.2517800642613,35.08962329802492,-85.21721124332225,POINT (-85.2517800642613 35.141635313399746),POINT (-85.21721124332225 35.08962329802492)
16,35.13968465883662,-85.24833322982802,35.27615567840378,-85.26942477783967,POINT (-85.24833322982802 35.13968465883662),POINT (-85.26942477783967 35.27615567840378)
81,35.140085843468,-85.25570092690872,35.16523510003855,-85.263777996738,POINT (-85.25570092690872 35.140085843468),POINT (-85.263777996738 35.16523510003855)
3,35.13747778637302,-85.25675252538008,35.13151655992889,-85.2170815828089,POINT (-85.25675252538008 35.13747778637302),POINT (-85.2170815828089 35.13151655992889)
2,35.14134151250954,-85.25616877530433,35.15037684967088,-85.25226426013491,POINT (-85.25616877530433 35.14134151250954),POINT (-85.25226426013491 35.15037684967088)
14,35.14672567606882,-85.26151812878085,35.18163601116263,-85.32139109271328,POINT (-85.26151812878085 35.14672567606882),POINT (-85.32139109271328 35.18163601116263)
54,35.136231336638005,-85.26029489539121,35.14733663606922,-85.28219393683618,POINT (-85.26029489539121 35.136231336638005),POINT (-85.28219393683618 35.14733663606922)
86,35.13409489574748,-85.26240289198455,35.12240698377051,-85.2788213894979,POINT (-85.26240289198455 35.13409489574748),POINT (-85.2788213894979 35.12240698377051)
19,35.14227360142865,-85.25037612614376,35.16366502363937,-85.23100886830726,POINT (-85.25037612614376 35.14227360142865),POINT (-85.23100886830726 35.16366502363937)
59,35.14390584218852,-85.25183366915383,35.14271702924983,-85.30514735246734,POINT (-85.25183366915383 35.14390584218852),POINT (-85.30514735246734 35.14271702924983)
52,35.14207335034436,-85.24997515697433,35.132937759663605,-85.26072173423083,POINT (-85.24997515697433 35.14207335034436),POINT (-85.26072173423083 35.132937759663605)
48,35.13604550946021,-85.26464554673856,35.13446229169264,-85.2404495273178,POINT (-85.26464554673856 35.13604550946021),POINT (-85.2404495273178 35.13446229169264)
77,35.13737902755936,-85.25657401368733,35.124895736445126,-85.24564205250654,POINT (-85.25657401368733 35.13737902755936),POINT (-85.24564205250654 35.124895736445126)
71,35.14458878880412,-85.24933686066598,35.12710861653974,-85.26469081114696,POINT (-85.24933686066598 35.14458878880412),POINT (-85.26469081114696 35.12710861653974)
74,35.13497749297659,-85.25100531330546,35.11919075045062,-85.32034931577866,POINT (-85.25100531330546 35.13497749297659),POINT (-85.32034931577866 35.11919075045062)
8,35.14271240212257,-85.24205495803173,35.036309195775424,-85.07456560393187,POINT (-85.24205495803173 35.14271240212257),POINT (-85.07456560393187 35.036309195775424)
98,35.141667504824,-85.24886029209209,35.29063710433021,-85.25687480477944,POINT (-85.24886029209209 35.141667504824),POINT (-85.25687480477944 35.29063710433021)
21,35.142365053925744,-85.25897052096758,35.15563107237005,-85.2548392382322,POINT (-85.25897052096758 35.142365053925744),POINT (-85.2548392382322 35.15563107237005)
57,35.13787653719991,-85.25208436636397,35.09003768738005,-85.19248017590223,POINT (-85.25208436636397 35.13787653719991),POINT (-85.19248017590223 35.09003768738005)
10,35.13402503701427,-85.25335055460448,35.1570981460435,-85.24339061673821,POINT (-85.25335055460448 35.13402503701427),POINT (-85.24339061673821 35.1570981460435)
32,35.142100532631694,-85.25205267931975,35.15387306065939,-85.2231775856265,POINT (-85.25205267931975 35.142100532631694),POINT (-85.2231775856265 35.15387306065939)
61,35.13203857574862,-85.26126127587408,35.195402295611494,-85.14822914971934,POINT (-85.26126127587408 35.13203857574862),POINT (-85.14822914971934 35.195402295611494)
26,35.13612690684932,-85.25726894539807,35.15474036217857,-85.243557832059,POINT (-85.25726894539807 35.13612690684932),POINT (-85.243557832059 35.15474036217857)
80,35.13539136568255,-85.2600252152567,35.147441176783744,-85.27252206939562,POINT (-85.2600252152567 35.13539136568255),POINT (-85.27252206939562 35.147441176783744)
3,35.147257140208986,-85.25045475502745,35.12637990494122,-85.21067086274013,POINT (-85.25045475502745 35.147257140208986),POINT (-85.21067086274013 35.12637990494122)
20,35.13923299458387,-85.25604006824307,35.13657829282381,-85.22622051566947,POINT (-85.25604006824307 35.13923299458387),POINT (-85.22622051566947 35.13657829282381)
84,35.13798665324576,-85.25575632671193,35.119701287996946,-85.24717816925379,POINT (-85.25575632671193 35.13798665324576),POINT (-85.24717816925379 35.119701287996946)
5,35.139141941354865,-85.26194106866004,35.123560363684405,-85.28216526168302,POINT (-85.26194106866004 35.139141941354865),POINT (-85.28216526168302 35.123560363684405)
62,35.13036858228687,-85.25696768464478,35.16568617979796,-85.19458112688991,POINT (-85.25696768464478 35.13036858228687),POINT (-85.19458112688991 35.16568617979796)
99,35.14138493859254,-85.2515941454473,35.11712764315142,-85.23821199313915,POINT (-85.2515941454473 35.14138493859254),POINT (-85.23821199313915 35.11712764315142)
82,35.13866173150949,-85.25306063287408,35.16019458544642,-85.23600771201433,POINT (-85.25306063287408 35.13866173150949),POINT (-85.23600771201433 35.16019458544642)
69,35.13915031727883,-85.25703010142774,35.148692652958864,-85.25860897854528,POINT (-85.25703010142774 35.13915031727883),POINT (-85.25860897854528 35.148692652958864)
94,35.12956500084945,-85.26451998842406,35.13045691337057,-85.28641176199383,POINT (-85.26451998842406 35.12956500084945),POINT (-85.28641176199383 35.13045691337057)
51,35.134637288692666,-85.26254944331427,35.18660017876585,-85.2123746137225,POINT (-85.26254944331427 35.134637288692666),POINT (-85.2123746137225 35.18660017876585)
83,35.14533243342393,-85.2459406035013,35.15655072042534,-85.23981450446146,POINT (-85.2459406035013 35.14533243342393),POINT (-85.23981450446146 35.15655072042534)
80,35.13349878083347,-85.2526433986938,35.1376467551461,-85.26595796571496,POINT (-85.2526433986938 35.13349878083347),POINT (-85.26595796571496 35.1376467551461)
25,35.144565759240606,-85.25997627570811,35.13394606312531,-85.19083772063857,POINT (-85.25997627570811 35.144565759240606),POINT (-85.19083772063857 35.13394606312531)
67,35.14141230508832,-85.24645375438052,35.129503062952104,-85.23738338800416,POINT (-85.24645375438052 35.14141230508832),POINT (-85.23738338800416 35.129503062952104)
76,35.141648507143934,-85.25889885409855,35.12937520496834,-85.25214820082074,POINT (-85.25889885409855 35.141648507143934),POINT (-85.25214820082074 35.12937520496834)
62,35.13888898177876,-85.24709601235855,35.156075793486345,-85.25405678865113,POINT (-85.24709601235855 35.13888898177876),POINT (-85.25405678865113 35.156075793486345)
89,35.14215382428838,-85.25295640088999,35.14092440632962,-85.24053455238578,POINT (-85.25295640088999 35.14215382428838),POINT (-85.24053455238578 35.14092440632962)
95,35.139876042234974,-85.25031881875363,35.12759004627277,-85.23794751843663,POINT (-85.25031881875363 35.139876042234974),POINT (-85.23794751843663 35.12759004627277)
33,35.13967993713558,-85.2572895741401,35.13858671087985,-85.27129118709186,POINT (-85.2572895741401 35.13967993713558),POINT (-85.27129118709186 35.13858671087985)
49,35.138676320255634,-85.25521704623296,35.15873225255461,-85.26816487128812,POINT (-85.25521704623296 35.138676320255634),POINT (-85.26816487128812 35.15873225255461)
34,35.14790657908349,-85.2501592483155,35.19745650879148,-85.21252269901622,POINT (-85.2501592483155 35.14790657908349),POINT (-85.21252269901622 35.19745650879148)
26,35.13625161860374,-85.25510446720118,35.14290367789926,-85.23170823038937,POINT (-85.25510446720118 35.13625161860374),POINT (-85.23170823038937 35.14290367789926)
29,35.139683622566615,-85.25423259412219,35.06465773893839,-85.38854565247138,POINT (-85.25423259412219 35.139683622566615),POINT (-85.38854565247138 35.06465773893839)
12,35.13704228406227,-85.25506125758446,35.10835906102147,-85.23199772422471,POINT (-85.25506125758446 35.13704228406227),POINT (-85.23199772422471 35.10835906102147)
69,35.138896764170646,-85.2588694536683,35.080201032581265,-85.28213808606253,POINT (-85.2588694536683 35.138896764170646),POINT (-85.28213808606253 35.080201032581265)
47,35.130899869248786,-85.23963217196498,35.131065758979595,-85.22522514941859,POINT (-85.23963217196498 35.130899869248786),POINT (-85.22522514941859 35.131065758979595)
51,35.13884101138298,-85.25430823476619,35.1489090290359,-85.3324109228992,POINT (-85.25430823476619 35.13884101138298),POINT (-85.3324109228992 35.1489090290359)
30,35.135611775131615,-85.25332361927225,35.13883854403159,-85.2266776313145,POINT (-85.25332361927225 35.135611775131615),POINT (-85.2266776313145 35.13883854403159)
55,35.14044545583775,-85.25220185901048,35.1453707034604,-85.26900125569841,POINT (-85.25220185901048 35.14044545583775),POINT (-85.26900125569841 35.1453707034604)
72,35.131741300058046,-85.26857869274119,35.132540847600936,-85.28466468378633,POINT (-85.26857869274119 35.131741300058046),POINT (-85.28466468378633 35.132540847600936)
13,35.13937251065612,-85.25882359896647,35.17231840402308,-85.24500816224088,POINT (-85.25882359896647 35.13937251065612),POINT (-85.24500816224088 35.17231840402308)
24,35.13302340645094,-85.252337789392,35.15149549186084,-85.27031278333175,POINT (-85.252337789392 35.13302340645094),POINT (-85.27031278333175 35.15149549186084)
78,35.13774092884042,-85.25623971817296,35.178722280348524,-85.19833347266066,POINT (-85.25623971817296 35.13774092884042),POINT (-85.19833347266066 35.178722280348524)
11,35.138631707140725,-85.25497619820331,35.14145504537065,-85.19661577387379,POINT (-85.25497619820331 35.138631707140725),POINT (-85.19661577387379 35.14145504537065)
1,35.13429895631279,-85.25519538800577,35.11213115542256,-85.26300571710492,POINT (-85.25519538800577 35.13429895631279),POINT (-85.26300571710492 35.11213115542256)
46,35.13072209045891,-85.26419464375884,35.1144538981985,-85.27958931412755,POINT (-85.26419464375884 35.13072209045891),POINT (-85.27958931412755 35.1144538981985)
55,35.1390049798411,-85.25715354454968,35.0129460068637,-85.15593176688942,POINT (-85.25715354454968 35.1390049798411),POINT (-85.15593176688942 35.0129460068637)
98,35.13948973981908,-85.2538457534267,35.14661238456208,-85.17245462065259,POINT (-85.2538457534267 35.13948973981908),POINT (-85.17245462065259 35.14661238456208)
4,35.13814490001516,-85.24417766554929,35.12902875134602,-85.24685139779699,POINT (-85.24417766554929 35.13814490001516),POINT (-85.24685139779699 35.12902875134602)
76,35.13954775913137,-85.25937838462526,34.97140613159971,-85.31407387989066,POINT (-85.25937838462526 35.13954775913137),POINT (-85.31407387989066 34.97140613159971)
94,35.13912264850758,-85.25080685468414,35.089206559732744,-85.20743031615345,POINT (-85.25080685468414 35.13912264850758),POINT (-85.20743031615345 35.089206559732744)
81,35.137107463667746,-85.24480496964452,35.14886119241157,-85.25160530051267,POINT (-85.24480496964452 35.137107463667746),POINT (-85.25160530051267 35.14886119241157)
63,35.14624375358094,-85.26335172098271,35.1321404043217,-85.2506718122715,POINT (-85.26335172098271 35.14624375358094),POINT (-85.2506718122715 35.1321404043217)
79,35.13594468551783,-85.24932265669602,35.14111845504002,-85.23587573831013,POINT (-85.24932265669602 35.13594468551783),POINT (-85.23587573831013 35.14111845504002)
35,35.12838670876236,-85.26265237045212,35.178693706062674,-85.20843329698093,POINT (-85.26265237045212 35.12838670876236),POINT (-85.20843329698093 35.178693706062674)
91,35.13459524875197,-85.26411778177915,35.103253432950716,-85.28157274035888,POINT (-85.26411778177915 35.13459524875197),POINT (-85.28157274035888 35.103253432950716)
92,35.13335647335557,-85.25193513364722,35.14677183858786,-85.2633558005437,POINT (-85.25193513364722 35.13335647335557),POINT (-85.2633558005437 35.14677183858786)
66,35.14794414310726,-85.25519763869696,35.04766106155479,-85.2392362893179,POINT (-85.25519763869696 35.14794414310726),POINT (-85.2392362893179 35.04766106155479)
17,35.139271626489716,-85.25255556603146,35.20488355959019,-85.2272869109791,POINT (-85.25255556603146 35.139271626489716),POINT (-85.2272869109791 35.20488355959019)
82,35.12739726184169,-85.26106920803099,35.12104239653811,-85.24523453828704,POINT (-85.26106920803099 35.12739726184169),POINT (-85.24523453828704 35.12104239653811)
74,35.13849015112063,-85.25494873128697,35.14628087004135,-85.28226083055698,POINT (-85.25494873128697 35.13849015112063),POINT (-85.28226083055698 35.14628087004135)
84,35.132919544307,-85.25485143409368,35.11958256035578,-85.28060719012596,POINT (-85.25485143409368 35.132919544307),POINT (-85.28060719012596 35.11958256035578)
66,35.14399897306117,-85.2462361809545,35.222273515136834,-85.1266562447885,POINT (-85.2462361809545 35.14399897306117),POINT (-85.1266562447885 35.222273515136834)
94,35.13198732058496,-85.25582439772754,35.14095606948086,-85.23416576648403,POINT (-85.25582439772754 35.13198732058496),POINT (-85.23416576648403 35.14095606948086)
32,35.13487908207318,-85.25176388601743,35.16969019885282,-85.29481977155358,POINT (-85.25176388601743 35.13487908207318),POINT (-85.29481977155358 35.16969019885282)
88,35.13464135729981,-85.26329443770643,35.14671424934537,-85.25275895669877,POINT (-85.26329443770643 35.13464135729981),POINT (-85.25275895669877 35.14671424934537)
87,35.11489098785052,-85.30131950818138,35.10429339977429,-85.28209594915369,POINT (-85.30131950818138 35.11489098785052),POINT (-85.28209594915369 35.10429339977429)
36,35.11829854900598,-85.29573139226356,35.10470311514237,-85.30434933742717,POINT (-85.29573139226356 35.11829854900598),POINT (-85.30434933742717 35.10470311514237)
41,35.113660163538505,-85.30569608648821,35.11580088551918,-85.33424082903568,POINT (-85.30569608648821 35.113660163538505),POINT (-85.33424082903568 35.11580088551918)
81,35.1140492555466,-85.28923890501095,35.14877181413276,-85.2927542089164,POINT (-85.28923890501095 35.1140492555466),POINT (-85.2927542089164 35.14877181413276)
76,35.11732738112325,-85.29710963909076,35.19845277703574,-85.24101417518985,POINT (-85.29710963909076 35.11732738112325),POINT (-85.24101417518985 35.19845277703574)
87,35.113395776384685,-85.30454346896461,35.118116380978734,-85.14454598891928,POINT (-85.30454346896461 35.113395776384685),POINT (-85.14454598891928 35.118116380978734)
67,35.114061950117495,-85.29946088192564,35.12933614281402,-85.27009391455192,POINT (-85.29946088192564 35.114061950117495),POINT (-85.27009391455192 35.12933614281402)
96,35.11238699845681,-85.29798013368124,35.1107644687974,-85.27906827751012,POINT (-85.29798013368124 35.11238699845681),POINT (-85.27906827751012 35.1107644687974)
80,35.11194366520483,-85.29805188245551,35.10327480587469,-85.33445529827834,POINT (-85.29805188245551 35.11194366520483),POINT (-85.33445529827834 35.10327480587469)
63,35.114191398975635,-85.30181252050888,35.120400907775085,-85.32906407111417,POINT (-85.30181252050888 35.114191398975635),POINT (-85.32906407111417 35.120400907775085)
54,35.11130507354264,-85.29541313255429,35.1364861546738,-85.28626827825576,POINT (-85.29541313255429 35.11130507354264),POINT (-85.28626827825576 35.1364861546738)
39,35.11416747042682,-85.30351499564699,35.11707582099175,-85.32181050744013,POINT (-85.30351499564699 35.11416747042682),POINT (-85.32181050744013 35.11707582099175)
88,35.11254325221411,-85.3048990205456,34.99152581841604,-85.22799353902509,POINT (-85.3048990205456 35.11254325221411),POINT (-85.22799353902509 34.99152581841604)
86,35.123690908629406,-85.2976667876953,35.165983878324845,-85.25161839651538,POINT (-85.2976667876953 35.123690908629406),POINT (-85.25161839651538 35.165983878324845)
97,35.115113336171746,-85.298302088756,35.12505916943099,-85.30518684006971,POINT (-85.298302088756 35.115113336171746),POINT (-85.30518684006971 35.12505916943099)
87,35.10393715848646,-85.3068632738304,35.0820591700961,-85.32500733205238,POINT (-85.3068632738304 35.10393715848646),POINT (-85.32500733205238 35.0820591700961)
54,35.113182654194404,-85.29910383577649,35.13002774637713,-85.34581640461326,POINT (-85.29910383577649 35.113182654194404),POINT (-85.34581640461326 35.13002774637713)
6,35.112378862404555,-85.2995637805556,35.10922428211593,-85.31322921172286,POINT (-85.2995637805556 35.112378862404555),POINT (-85.31322921172286 35.10922428211593)
98,35.11295386262178,-85.29906372952507,35.08735747161081,-85.34114813254536,POINT (-85.29906372952507 35.11295386262178),POINT (-85.34114813254536 35.08735747161081)
5,35.11162667113958,-85.30439323276984,35.05166777801047,-85.3225268592497,POINT (-85.30439323276984 35.11162667113958),POINT (-85.3225268592497 35.05166777801047)
79,35.1279033119209,-85.30552180861193,35.15150256291114,-85.30313521896302,POINT (-85.30552180861193 35.1279033119209),POINT (-85.30313521896302 35.15150256291114)
66,35.117254000952,-85.2985689864863,35.111662610538104,-85.28986900847372,POINT (-85.2985689864863 35.117254000952),POINT (-85.28986900847372 35.111662610538104)
76,35.10927788782251,-85.29881972469657,35.07111897946076,-85.27361627747815,POINT (-85.29881972469657 35.10927788782251),POINT (-85.27361627747815 35.07111897946076)
48,35.10599259481093,-85.29494527890745,35.09116128907067,-85.28866162767157,POINT (-85.29494527890745 35.10599259481093),POINT (-85.28866162767157 35.09116128907067)
18,35.11779598513065,-85.30137448841546,35.18190406824874,-85.41247974959147,POINT (-85.30137448841546 35.11779598513065),POINT (-85.41247974959147 35.18190406824874)
8,35.11583618217428,-85.30037360383243,35.10750357727989,-85.31589842970698,POINT (-85.30037360383243 35.11583618217428),POINT (-85.31589842970698 35.10750357727989)
23,35.11390514361043,-85.30426271239456,35.23916423556949,-85.23895263094678,POINT (-85.30426271239456 35.11390514361043),POINT (-85.23895263094678 35.23916423556949)
29,35.11175098334383,-85.296864962854,35.15582418360575,-85.38560801921437,POINT (-85.296864962854 35.11175098334383),POINT (-85.38560801921437 35.15582418360575)
27,35.110781324139445,-85.29570018482436,35.11403476509642,-85.3067296284841,POINT (-85.29570018482436 35.110781324139445),POINT (-85.3067296284841 35.11403476509642)
25,35.11690834127995,-85.29864842802775,35.11990584473526,-85.2863600139659,POINT (-85.29864842802775 35.11690834127995),POINT (-85.2863600139659 35.11990584473526)
61,35.10429529338776,-85.30734747629884,35.11702673346071,-85.32099293406756,POINT (-85.30734747629884 35.10429529338776),POINT (-85.32099293406756 35.11702673346071)
84,35.111705408882045,-85.29399056579062,35.12164735957631,-85.26881106981801,POINT (-85.29399056579062 35.111705408882045),POINT (-85.26881106981801 35.12164735957631)
6,35.120983774870304,-85.31435575249924,35.13019944095149,-85.3203162060601,POINT (-85.31435575249924 35.120983774870304),POINT (-85.3203162060601 35.13019944095149)
74,35.111531271947605,-85.30210766175345,35.122384129506585,-85.28092415554693,POINT (-85.30210766175345 35.111531271947605),POINT (-85.28092415554693 35.122384129506585)
85,35.116683552348015,-85.2998889016288,35.063502801244056,-85.31301497562211,POINT (-85.2998889016288 35.116683552348015),POINT (-85.31301497562211 35.063502801244056)
21,35.124339977547,-85.289220323082,35.15905184789357,-85.23865995540504,POINT (-85.289220323082 35.124339977547),POINT (-85.23865995540504 35.15905184789357)
21,35.11632500686677,-85.2980499611774,35.221779091745816,-85.24057958367703,POINT (-85.2980499611774 35.11632500686677),POINT (-85.24057958367703 35.221779091745816)
7,35.10630042131405,-85.31058110917623,35.05342176967542,-85.3477450846713,POINT (-85.31058110917623 35.10630042131405),POINT (-85.3477450846713 35.05342176967542)
42,35.10758018218729,-85.30074925810625,35.11162677977169,-85.32535190683105,POINT (-85.30074925810625 35.10758018218729),POINT (-85.32535190683105 35.11162677977169)
40,35.11937393749749,-85.29999534257043,35.10586171574691,-85.29833787881113,POINT (-85.29999534257043 35.11937393749749),POINT (-85.29833787881113 35.10586171574691)
4,35.11576386614066,-85.30008852820106,35.15897162664342,-85.26909121854247,POINT (-85.30008852820106 35.11576386614066),POINT (-85.26909121854247 35.15897162664342)
59,35.11130691829046,-85.30813838394822,35.11084302424294,-85.37008472647575,POINT (-85.30813838394822 35.11130691829046),POINT (-85.37008472647575 35.11084302424294)
83,35.12044094118647,-85.29765227437412,35.165147493560774,-85.25243489837784,POINT (-85.29765227437412 35.12044094118647),POINT (-85.25243489837784 35.165147493560774)
41,35.11530767263549,-85.30059290861311,35.11803832930678,-85.31508702650652,POINT (-85.30059290861311 35.11530767263549),POINT (-85.31508702650652 35.11803832930678)
23,35.1137036879088,-85.29836515248279,35.101255870843346,-85.28138160357982,POINT (-85.29836515248279 35.1137036879088),POINT (-85.28138160357982 35.101255870843346)
18,35.11062240347949,-85.29645720767806,35.11347247005624,-85.23603090026174,POINT (-85.29645720767806 35.11062240347949),POINT (-85.23603090026174 35.11347247005624)
58,35.120569092518245,-85.2892613777587,35.09957309284099,-85.29553321971042,POINT (-85.2892613777587 35.120569092518245),POINT (-85.29553321971042 35.09957309284099)
80,35.11509643910867,-85.30212281762918,35.135124986411654,-85.34296154707877,POINT (-85.30212281762918 35.11509643910867),POINT (-85.34296154707877 35.135124986411654)
48,35.11590448369045,-85.30420641013214,35.11549644519484,-85.29234277465267,POINT (-85.30420641013214 35.11590448369045),POINT (-85.29234277465267 35.11549644519484)
43,35.11037850089649,-85.31050801939296,35.123616183075185,-85.30148516817316,POINT (-85.31050801939296 35.11037850089649),POINT (-85.30148516817316 35.123616183075185)
47,35.11706257145001,-85.29896414850164,35.13635943818156,-85.27653118575576,POINT (-85.29896414850164 35.11706257145001),POINT (-85.27653118575576 35.13635943818156)
90,35.123635866319404,-85.3024289608558,35.13813242287041,-85.3221359566299,POINT (-85.3024289608558 35.123635866319404),POINT (-85.3221359566299 35.13813242287041)
12,35.11735474830351,-85.30108161800223,35.119153421427704,-85.33218604281934,POINT (-85.30108161800223 35.11735474830351),POINT (-85.33218604281934 35.119153421427704)
21,35.11589078364085,-85.29738133849878,35.128374720079655,-85.25554561726383,POINT (-85.29738133849878 35.11589078364085),POINT (-85.25554561726383 35.128374720079655)
7,35.11472881831684,-85.30630829637158,35.13776296758635,-85.31550767226696,POINT (-85.30630829637158 35.11472881831684),POINT (-85.31550767226696 35.13776296758635)
93,35.1084921517692,-85.31685713464617,35.12634183546012,-85.3217474632273,POINT (-85.31685713464617 35.1084921517692),POINT (-85.3217474632273 35.12634183546012)
60,35.11735953602727,-85.2999001070191,35.11593579562731,-85.37673727501483,POINT (-85.2999001070191 35.11735953602727),POINT (-85.37673727501483 35.11593579562731)
24,35.10494492735348,-85.28828307517139,35.11817082643413,-85.29283633536116,POINT (-85.28828307517139 35.10494492735348),POINT (-85.29283633536116 35.11817082643413)
16,35.11737279854193,-85.30267447131494,35.101814734002815,-85.21731930985506,POINT (-85.30267447131494 35.11737279854193),POINT (-85.21731930985506 35.101814734002815)
38,35.11553206303679,-85.30167016117018,35.09431768571563,-85.3037126330755,POINT (-85.30167016117018 35.11553206303679),POINT (-85.3037126330755 35.09431768571563)
72,35.11336520832714,-85.29934805198688,35.10233304617062,-85.29979364465899,POINT (-85.29934805198688 35.11336520832714),POINT (-85.29979364465899 35.10233304617062)
94,35.115804308275465,-85.29862726112704,35.10304360197588,-85.27153791386462,POINT (-85.29862726112704 35.115804308275465),POINT (-85.27153791386462 35.10304360197588)
50,35.11688287979908,-85.30874175072559,35.1088874837703,-85.30237303694213,POINT (-85.30874175072559 35.11688287979908),POINT (-85.30237303694213 35.1088874837703)
29,35.11175234776165,-85.29357333132901,35.050273102509664,-85.28747872721634,POINT (-85.29357333132901 35.11175234776165),POINT (-85.28747872721634 35.050273102509664)
89,35.11390217722439,-85.29731979669079,35.12204088639986,-85.26774812812965,POINT (-85.29731979669079 35.11390217722439),POINT (-85.26774812812965 35.12204088639986)
29,35.114297103429884,-85.30297258117984,35.12207557183297,-85.29734158188269,POINT (-85.30297258117984 35.114297103429884),POINT (-85.29734158188269 35.12207557183297)
17,35.11541117178532,-85.300168436642,35.1511209451322,-85.3406845376014,POINT (-85.300168436642 35.11541117178532),POINT (-85.3406845376014 35.1511209451322)
59,35.1118086703728,-85.3082785548924,35.091233266052,-85.3012761090923,POINT (-85.3082785548924 35.1118086703728),POINT (-85.3012761090923 35.091233266052)
88,35.112091355987,-85.31244632030018,35.09802906498528,-85.31586877332946,POINT (-85.31244632030018 35.112091355987),POINT (-85.31586877332946 35.09802906498528)
10,35.10703890300624,-85.30715819303485,35.122155759403384,-85.32869126191893,POINT (-85.30715819303485 35.10703890300624),POINT (-85.32869126191893 35.122155759403384)
46,35.10701546781363,-85.29139476825536,35.15710458989096,-85.28981657698695,POINT (-85.29139476825536 35.10701546781363),POINT (-85.28981657698695 35.15710458989096)
49,35.11459985226658,-85.30037184982397,35.12693283826955,-85.32461406380747,POINT (-85.30037184982397 35.11459985226658),POINT (-85.32461406380747 35.12693283826955)
23,35.11104154702872,-85.30181842893866,34.96591023381939,-85.33658864925117,POINT (-85.30181842893866 35.11104154702872),POINT (-85.33658864925117 34.96591023381939)
76,35.114162679941096,-85.30388028380821,35.10624989270005,-85.31891204389028,POINT (-85.30388028380821 35.114162679941096),POINT (-85.31891204389028 35.10624989270005)
75,35.113577127290476,-85.30183450588864,35.16309540378481,-85.36525457744635,POINT (-85.30183450588864 35.113577127290476),POINT (-85.36525457744635 35.16309540378481)
78,35.110160600998086,-85.30311025373686,35.10020600675952,-85.28697767624934,POINT (-85.30311025373686 35.110160600998086),POINT (-85.28697767624934 35.10020600675952)
39,35.1149641269521,-85.30039832998625,35.111866222144236,-85.31883893219953,POINT (-85.30039832998625 35.1149641269521),POINT (-85.31883893219953 35.111866222144236)
84,35.12585154159115,-85.31053831563547,35.11147755785433,-85.38979372172034,POINT (-85.31053831563547 35.12585154159115),POINT (-85.38979372172034 35.11147755785433)
11,35.11902939344415,-85.28914474125807,35.12198596972958,-85.26371104526235,POINT (-85.28914474125807 35.11902939344415),POINT (-85.26371104526235 35.12198596972958)
55,35.115797475245536,-85.30392633854908,35.129280198106926,-85.29575669368622,POINT (-85.30392633854908 35.115797475245536),POINT (-85.29575669368622 35.129280198106926)
65,35.10347526189096,-85.30529707496387,35.060071941254314,-85.30617282739189,POINT (-85.30529707496387 35.10347526189096),POINT (-85.30617282739189 35.060071941254314)
51,35.11494106277038,-85.30099879945301,35.11506503382195,-85.3198385001769,POINT (-85.30099879945301 35.11494106277038),POINT (-85.3198385001769 35.11506503382195)
39,35.11750535423204,-85.3024252311959,35.10449914839239,-85.31200413548589,POINT (-85.3024252311959 35.11750535423204),POINT (-85.31200413548589 35.10449914839239)
68,35.11450732270255,-85.299682901071,35.10355003626265,-85.27553726600505,POINT (-85.299682901071 35.11450732270255),POINT (-85.27553726600505 35.10355003626265)
6,35.10846879927756,-85.30063754265062,35.06810785376805,-85.3494710756895,POINT (-85.30063754265062 35.10846879927756),POINT (-85.3494710756895 35.06810785376805)
91,35.1166853918784,-85.30272101532941,35.098737291899525,-85.30783126281499,POINT (-85.30272101532941 35.1166853918784),POINT (-85.30783126281499 35.098737291899525)
49,35.11521272676988,-85.30200994585728,35.18021796917813,-85.27103743901574,POINT (-85.30200994585728 35.11521272676988),POINT (-85.27103743901574 35.18021796917813)
44,35.123266134103055,-85.296965797914,35.12551612126617,-85.31598991492682,POINT (-85.296965797914 35.123266134103055),POINT (-85.31598991492682 35.12551612126617)
22,35.11611865345358,-85.29650095316197,35.07157777317757,-85.26409674351852,POINT (-85.29650095316197 35.11611865345358),POINT (-85.26409674351852 35.07157777317757)
55,35.114521226598704,-85.30285179339681,35.082907448606726,-85.31704858249206,POINT (-85.30285179339681 35.114521226598704),POINT (-85.31704858249206 35.082907448606726)
92,35.116695890304634,-85.30340982091506,35.24298536424506,-85.36386909899747,POINT (-85.30340982091506 35.116695890304634),POINT (-85.36386909899747 35.24298536424506)
73,35.10873442278132,-85.30477658780843,35.15637981656676,-85.30938810449625,POINT (-85.30477658780843 35.10873442278132),POINT (-85.30938810449625 35.15637981656676)
33,35.11621853112612,-85.30152818543249,35.1421603777262,-85.30714204762319,POINT (-85.30152818543249 35.11621853112612),POINT (-85.30714204762319 35.1421603777262)
61,35.11301640872951,-85.30715096392952,35.098502342651734,-85.31594989724248,POINT (-85.30715096392952 35.11301640872951),POINT (-85.31594989724248 35.098502342651734)
40,35.10380340556621,-85.30042895329899,35.09703288780106,-85.28636722108858,POINT (-85.30042895329899 35.10380340556621),POINT (-85.28636722108858 35.09703288780106)
79,35.112992300284766,-85.3120756178974,35.10228516832573,-85.28218655325308,POINT (-85.3120756178974 35.112992300284766),POINT (-85.28218655325308 35.10228516832573)
12,35.112660471195746,-85.30080456847746,35.119497462423276,-85.28718725515627,POINT (-85.30080456847746 35.112660471195746),POINT (-85.28718725515627 35.119497462423276)
71,35.104154586823576,-85.28964889434724,35.05697111229401,-85.26636110768791,POINT (-85.28964889434724 35.104154586823576),POINT (-85.26636110768791 35.05697111229401)
60,35.11512371702486,-85.30101309447237,35.099714299795906,-85.29968621870188,POINT (-85.30101309447237 35.11512371702486),POINT (-85.29968621870188 35.099714299795906)
76,35.124424754491386,-85.31387304335391,35.14058656269612,-85.32690847896411,POINT (-85.31387304335391 35.124424754491386),POINT (-85.32690847896411 35.14058656269612)
97,35.25651267016428,-85.21544369371448,35.3216154078896,-85.22349331161927,POINT (-85.21544369371448 35.25651267016428),POINT (-85.22349331161927 35.3216154078896)
27,35.25644160176881,-85.20820791771199,35.23315995706119,-85.21673531861246,POINT (-85.20820791771199 35.25644160176881),POINT (-85.21673531861246 35.23315995706119)
39,35.259413836064596,-85.2216618132008,35.25884647516648,-85.25431999069623,POINT (-85.2216618132008 35.259413836064596),POINT (-85.25431999069623 35.25884647516648)
62,35.253088766350764,-85.22249463830471,35.24535237033779,-85.20139644162508,POINT (-85.22249463830471 35.253088766350764),POINT (-85.20139644162508 35.24535237033779)
6,35.264520884743476,-85.22344335109264,35.265378735877476,-85.26480379476882,POINT (-85.22344335109264 35.264520884743476),POINT (-85.26480379476882 35.265378735877476)
58,35.255590602988825,-85.21226157173551,35.24937718088794,-85.18711141284861,POINT (-85.21226157173551 35.255590602988825),POINT (-85.18711141284861 35.24937718088794)
67,35.25499404284604,-85.22212866601647,35.23193694259555,-85.17767371569155,POINT (-85.22212866601647 35.25499404284604),POINT (-85.17767371569155 35.23193694259555)
40,35.2544249758396,-85.22578177180893,35.2696821212737,-85.23433897955914,POINT (-85.22578177180893 35.2544249758396),POINT (-85.23433897955914 35.2696821212737)
94,35.25848942438071,-85.21556637264338,35.23776726673952,-85.22637242116039,POINT (-85.21556637264338 35.25848942438071),POINT (-85.22637242116039 35.23776726673952)
74,35.257608429917795,-85.21377115092001,35.20733267044178,-85.22116352095897,POINT (-85.21377115092001 35.257608429917795),POINT (-85.22116352095897 35.20733267044178)
44,35.257902687509365,-85.22197058919573,35.23335018493215,-85.14453538891097,POINT (-85.22197058919573 35.257902687509365),POINT (-85.14453538891097 35.23335018493215)
58,35.262216530357605,-85.21300509902505,35.21544425591652,-85.27418357790295,POINT (-85.21300509902505 35.262216530357605),POINT (-85.27418357790295 35.21544425591652)
71,35.25348232267561,-85.21634644653679,35.24197338066223,-85.18869707163284,POINT (-85.21634644653679 35.25348232267561),POINT (-85.18869707163284 35.24197338066223)
11,35.24925876790874,-85.2069900099464,35.28768682803336,-85.30422864092259,POINT (-85.2069900099464 35.24925876790874),POINT (-85.30422864092259 35.28768682803336)
81,35.2551510488351,-85.21399523647761,35.41604682328624,-85.145446166011,POINT (-85.21399523647761 35.2551510488351),POINT (-85.145446166011 35.41604682328624)
50,35.254201027724214,-85.20235974975002,35.194608027093416,-85.16747482161132,POINT (-85.20235974975002 35.254201027724214),POINT (-85.16747482161132 35.194608027093416)
39,35.251279957326396,-85.21824623881659,35.238739135123005,-85.21468785914503,POINT (-85.21824623881659 35.251279957326396),POINT (-85.21468785914503 35.238739135123005)
84,35.26078422848061,-85.21833315397987,35.25491796373843,-85.19602946208181,POINT (-85.21833315397987 35.26078422848061),POINT (-85.19602946208181 35.25491796373843)
58,35.26377223355776,-85.21113836719108,35.25418691653579,-85.19793312091043,POINT (-85.21113836719108 35.26377223355776),POINT (-85.19793312091043 35.25418691653579)
96,35.258006469327604,-85.22014705124629,35.250675106190705,-85.19473761979414,POINT (-85.22014705124629 35.258006469327604),POINT (-85.19473761979414 35.250675106190705)
19,35.25818998146062,-85.21215580311653,35.25479276300538,-85.19369533150486,POINT (-85.21215580311653 35.25818998146062),POINT (-85.19369533150486 35.25479276300538)
78,35.25499859603638,-85.21624626476867,35.248334848286376,-85.22659077183823,POINT (-85.21624626476867 35.25499859603638),POINT (-85.22659077183823 35.248334848286376)
4,35.26672781154719,-85.22116834913157,35.18377574014094,-85.11706928784524,POINT (-85.22116834913157 35.26672781154719),POINT (-85.11706928784524 35.18377574014094)
82,35.256626840484834,-85.21770593401703,35.240593206493614,-85.21965169916037,POINT (-85.21770593401703 35.256626840484834),POINT (-85.21965169916037 35.240593206493614)
40,35.25447907269538,-85.21700236511727,35.2319689642913,-85.22825213130353,POINT (-85.21700236511727 35.25447907269538),POINT (-85.22825213130353 35.2319689642913)
92,35.25270333436924,-85.22464418587046,35.17234887358866,-85.21927442931774,POINT (-85.22464418587046 35.25270333436924),POINT (-85.21927442931774 35.17234887358866)
55,35.26272988544958,-85.21600546145623,35.25305060945054,-85.21194845144878,POINT (-85.21600546145623 35.26272988544958),POINT (-85.21194845144878 35.25305060945054)
40,35.25556707347353,-85.20447495716041,35.25879046696359,-85.26839284862311,POINT (-85.20447495716041 35.25556707347353),POINT (-85.26839284862311 35.25879046696359)
47,35.266917172003666,-85.2195178129615,35.258286676224905,-85.21404436757844,POINT (-85.2195178129615 35.266917172003666),POINT (-85.21404436757844 35.258286676224905)
79,35.25634167643548,-85.21377694340524,35.23513064519923,-85.25955890839134,POINT (-85.21377694340524 35.25634167643548),POINT (-85.25955890839134 35.23513064519923)
33,35.26150591621754,-85.21070299772734,35.25326707621849,-85.22498574369567,POINT (-85.21070299772734 35.26150591621754),POINT (-85.22498574369567 35.25326707621849)
7,35.25828858769842,-85.21115142709816,35.24495289032409,-85.2759120024722,POINT (-85.21115142709816 35.25828858769842),POINT (-85.2759120024722 35.24495289032409)
95,35.254904258512,-85.2054385516243,35.25288065921938,-85.23342501311511,POINT (-85.2054385516243 35.254904258512),POINT (-85.23342501311511 35.25288065921938)
49,35.25382291204375,-85.21408232983066,35.27100724546868,-85.19965323154014,POINT (-85.21408232983066 35.25382291204375),POINT (-85.19965323154014 35.27100724546868)
19,35.2534081276423,-85.22530065458797,35.251182141705605,-85.19909082446688,POINT (-85.22530065458797 35.2534081276423),POINT (-85.19909082446688 35.251182141705605)
70,35.24882575252013,-85.21816900040649,35.279627161954856,-85.35258657009314,POINT (-85.21816900040649 35.24882575252013),POINT (-85.35258657009314 35.279627161954856)
66,35.25565360718312,-85.22451762189871,35.263575135861636,-85.21758899487287,POINT (-85.22451762189871 35.25565360718312),POINT (-85.21758899487287 35.263575135861636)
23,35.26413793592574,-85.21854596784205,35.196338634206015,-85.19872555984777,POINT (-85.21854596784205 35.26413793592574),POINT (-85.19872555984777 35.196338634206015)
40,35.254352546895994,-85.21198587464576,35.25766581903845,-85.17967429632277,POINT (-85.21198587464576 35.254352546895994),POINT (-85.17967429632277 35.25766581903845)
29,35.25525362149394,-85.21395670132095,35.254897002088825,-85.19491047377058,POINT (-85.21395670132095 35.25525362149394),POINT (-85.19491047377058 35.254897002088825)
56,35.251570175919056,-85.21513754154134,35.2421548573471,-85.2229353015235,POINT (-85.21513754154134 35.251570175919056),POINT (-85.2229353015235 35.2421548573471)
88,35.25704560553034,-85.21478848076991,35.29167108036422,-85.21315554513096,POINT (-85.21478848076991 35.25704560553034),POINT (-85.21315554513096 35.29167108036422)
42,35.25580313445894,-85.20754145428876,35.23915670223557,-85.20199668051538,POINT (-85.20754145428876 35.25580313445894),POINT (-85.20199668051538 35.23915670223557)
62,35.25804795807703,-85.20885365628868,35.30604693624894,-85.24147126112612,POINT (-85.20885365628868 35.25804795807703),POINT (-85.24147126112612 35.30604693624894)
69,35.255293315061,-85.20909090495734,35.23042471513811,-85.19891335382462,POINT (-85.20909090495734 35.255293315061),POINT (-85.19891335382462 35.23042471513811)
47,35.263495662704436,-85.22381409585797,35.27585383772986,-85.20453907810071,POINT (-85.22381409585797 35.263495662704436),POINT (-85.20453907810071 35.27585383772986)
87,35.25266886862633,-85.2102192240508,35.30005198889789,-85.17023799565203,POINT (-85.2102192240508 35.25266886862633),POINT (-85.17023799565203 35.30005198889789)
36,35.257435849077716,-85.21513075036297,35.24039726509902,-85.22301386384522,POINT (-85.21513075036297 35.257435849077716),POINT (-85.22301386384522 35.24039726509902)
50,35.24623121437994,-85.21447739245612,35.237517764057245,-85.20089265477158,POINT (-85.21447739245612 35.24623121437994),POINT (-85.20089265477158 35.237517764057245)
11,35.262373153411225,-85.20661710128742,35.25763215492782,-85.18957123333216,POINT (-85.20661710128742 35.262373153411225),POINT (-85.18957123333216 35.25763215492782)
30,35.26383880460741,-85.20749180099595,35.268339274679576,-85.1876559707746,POINT (-85.20749180099595 35.26383880460741),POINT (-85.1876559707746 35.268339274679576)
16,35.26034797766932,-85.22608170337897,35.22316274777076,-85.35180446634972,POINT (-85.22608170337897 35.26034797766932),POINT (-85.35180446634972 35.22316274777076)
100,35.2623884721879,-85.21810246090405,35.28332584890195,-85.22168154918722,POINT (-85.21810246090405 35.2623884721879),POINT (-85.22168154918722 35.28332584890195)
50,35.26285986794133,-85.22525180685922,35.2630828548088,-85.2542305145543,POINT (-85.22525180685922 35.26285986794133),POINT (-85.2542305145543 35.2630828548088)
56,35.26418795377512,-85.21827321310546,35.25178666278903,-85.21381993178125,POINT (-85.21827321310546 35.26418795377512),POINT (-85.21381993178125 35.25178666278903)
29,35.25946090872847,-85.216189356199,35.20070912052673,-85.17241071571202,POINT (-85.216189356199 35.25946090872847),POINT (-85.17241071571202 35.20070912052673)
77,35.257321604794775,-85.21449621997094,35.26570253211665,-85.1995593849792,POINT (-85.21449621997094 35.257321604794775),POINT (-85.1995593849792 35.26570253211665)
48,35.25667456262772,-85.21440012073516,35.25443714802017,-85.20160745443563,POINT (-85.21440012073516 35.25667456262772),POINT (-85.20160745443563 35.25443714802017)
26,35.25736854887025,-85.2036758984756,35.2076708215175,-85.25155635927428,POINT (-85.2036758984756 35.25736854887025),POINT (-85.25155635927428 35.2076708215175)
19,35.25600385360083,-85.21116028161516,35.2443022291555,-85.18429510970088,POINT (-85.21116028161516 35.25600385360083),POINT (-85.18429510970088 35.2443022291555)
16,35.262509063491095,-85.2239068513901,35.22243548909914,-85.15740687973165,POINT (-85.2239068513901 35.262509063491095),POINT (-85.15740687973165 35.22243548909914)
26,35.26699709571877,-85.2168472469828,35.39413540198091,-85.07557183802467,POINT (-85.2168472469828 35.26699709571877),POINT (-85.07557183802467 35.39413540198091)
83,35.26133374276667,-85.2123124294531,35.23998997022197,-85.19277075590387,POINT (-85.2123124294531 35.26133374276667),POINT (-85.19277075590387 35.23998997022197)
14,35.25611769550382,-85.21409368879263,35.25809100507154,-85.22665129105187,POINT (-85.21409368879263 35.25611769550382),POINT (-85.22665129105187 35.25809100507154)
16,35.26422188894645,-85.22562609091766,35.26761034586744,-85.26290303826981,POINT (-85.22562609091766 35.26422188894645),POINT (-85.26290303826981 35.26761034586744)
90,35.26003006101312,-85.2132185626914,35.273034988631046,-85.22595471552964,POINT (-85.2132185626914 35.26003006101312),POINT (-85.22595471552964 35.273034988631046)
64,35.258391220113324,-85.21769438208095,35.322521985749916,-85.25292483173233,POINT (-85.21769438208095 35.258391220113324),POINT (-85.25292483173233 35.322521985749916)
76,35.255586010649495,-85.20310371298606,35.26509558911748,-85.19425274943593,POINT (-85.20310371298606 35.255586010649495),POINT (-85.19425274943593 35.26509558911748)
16,35.24573089783072,-85.22719393136472,35.22327612471464,-85.21672177424477,POINT (-85.22719393136472 35.24573089783072),POINT (-85.21672177424477 35.22327612471464)
60,35.255502270698756,-85.21650777078658,35.12673916909862,-85.34905568262594,POINT (-85.21650777078658 35.255502270698756),POINT (-85.34905568262594 35.12673916909862)
77,35.26418340555206,-85.22439921496971,35.25403812923423,-85.22038061428499,POINT (-85.22439921496971 35.26418340555206),POINT (-85.22038061428499 35.25403812923423)
4,35.256694093626926,-85.20374544808924,35.25111586344081,-85.19273846069916,POINT (-85.20374544808924 35.256694093626926),POINT (-85.19273846069916 35.25111586344081)
99,35.26419959686173,-85.2086677577691,35.27365730218915,-85.2336237166416,POINT (-85.2086677577691 35.26419959686173),POINT (-85.2336237166416 35.27365730218915)
61,35.25303641120817,-85.20926065304333,35.27739851189905,-85.20653306613659,POINT (-85.20926065304333 35.25303641120817),POINT (-85.20653306613659 35.27739851189905)
75,35.26132538214291,-85.21547442830254,35.258806559327,-85.22683383419853,POINT (-85.21547442830254 35.26132538214291),POINT (-85.22683383419853 35.258806559327)
67,35.25371935895524,-85.2111456951474,35.209567406072416,-85.1824870777328,POINT (-85.2111456951474 35.25371935895524),POINT (-85.1824870777328 35.209567406072416)
82,35.26223756558146,-85.20877466248272,35.25975486122676,-85.26569894074535,POINT (-85.20877466248272 35.26223756558146),POINT (-85.26569894074535 35.25975486122676)
40,35.257767285491774,-85.22806213971948,35.24120323879896,-85.21208103505208,POINT (-85.22806213971948 35.257767285491774),POINT (-85.21208103505208 35.24120323879896)
64,35.26105205798161,-85.2043493472995,35.279673977919934,-85.13340253207892,POINT (-85.2043493472995 35.26105205798161),POINT (-85.13340253207892 35.279673977919934)
58,35.25125208442255,-85.21824681649841,35.278580090464246,-85.16769658254239,POINT (-85.21824681649841 35.25125208442255),POINT (-85.16769658254239 35.278580090464246)
42,35.264410917330665,-85.20987793432461,35.25487129545994,-85.20158044675952,POINT (-85.20987793432461 35.264410917330665),POINT (-85.20158044675952 35.25487129545994)
12,35.25608752120727,-85.2140174976934,35.21966030495691,-85.12926173625685,POINT (-85.2140174976934 35.25608752120727),POINT (-85.12926173625685 35.21966030495691)
52,35.25795875108246,-85.20296268273022,35.32073365510544,-85.23888461462965,POINT (-85.20296268273022 35.25795875108246),POINT (-85.23888461462965 35.32073365510544)
4,35.24975850769383,-85.22483751192311,35.227202965927745,-85.24073184747698,POINT (-85.22483751192311 35.24975850769383),POINT (-85.24073184747698 35.227202965927745)
87,35.25537355721846,-85.21746616399595,35.254392551716116,-85.24664362724515,POINT (-85.21746616399595 35.25537355721846),POINT (-85.24664362724515 35.254392551716116)
43,35.25428622910076,-85.21324818108224,35.23051793467765,-85.2033982984152,POINT (-85.21324818108224 35.25428622910076),POINT (-85.2033982984152 35.23051793467765)
3,35.26281847348079,-85.22165516421767,35.284276088575176,-85.21191960728676,POINT (-85.22165516421767 35.26281847348079),POINT (-85.21191960728676 35.284276088575176)
54,35.25782905484613,-85.21449318231653,35.26043548243049,-85.23253447811305,POINT (-85.21449318231653 35.25782905484613),POINT (-85.23253447811305 35.26043548243049)
23,35.256722269077045,-85.21512628790529,35.277536135378085,-85.23398627232797,POINT (-85.21512628790529 35.256722269077045),POINT (-85.23398627232797 35.277536135378085)
57,35.25350155632244,-85.20621575735885,35.24785947127805,-85.19627633848859,POINT (-85.20621575735885 35.25350155632244),POINT (-85.19627633848859 35.24785947127805)
43,35.26826814574334,-85.21123767415851,35.27512504693375,-85.23513204098698,POINT (-85.21123767415851 35.26826814574334),POINT (-85.23513204098698 35.27512504693375)
71,35.261430008249505,-85.20967496516205,35.25854678192807,-85.1869021383771,POINT (-85.20967496516205 35.261430008249505),POINT (-85.1869021383771 35.25854678192807)
8,35.25667232718225,-85.21829044715216,35.244847160748996,-85.22851546474662,POINT (-85.21829044715216 35.25667232718225),POINT (-85.22851546474662 35.244847160748996)
6,35.250116783865714,-85.21692634728748,35.24017613010786,-85.21313233323424,POINT (-85.21692634728748 35.250116783865714),POINT (-85.21313233323424 35.24017613010786)
100,35.258898732391316,-85.21677157995775,35.268307954210016,-85.24244594482549,POINT (-85.21677157995775 35.258898732391316),POINT (-85.24244594482549 35.268307954210016)
79,35.26248619123281,-85.21907679896975,35.093649485350376,-85.25787597429107,POINT (-85.21907679896975 35.26248619123281),POINT (-85.25787597429107 35.093649485350376)
7,35.25248446778917,-85.2266384561383,35.26196176642686,-85.21519339532021,POINT (-85.2266384561383 35.25248446778917),POINT (-85.21519339532021 35.26196176642686)
90,35.26426451822639,-85.21512238061496,35.27695526060097,-85.22986140713121,POINT (-85.21512238061496 35.26426451822639),POINT (-85.22986140713121 35.27695526060097)
59,35.24990845575215,-85.22889197602963,35.26181670764416,-85.23989521767888,POINT (-85.22889197602963 35.24990845575215),POINT (-85.23989521767888 35.26181670764416)
99,35.263346937130045,-85.2234868034896,35.25171872023188,-85.23131021089917,POINT (-85.2234868034896 35.263346937130045),POINT (-85.23131021089917 35.25171872023188)
64,34.9997540191552,-85.2361834193783,35.03555886305926,-85.07821538893295,POINT (-85.2361834193783 34.9997540191552),POINT (-85.07821538893295 35.03555886305926)
39,34.98789664489735,-85.23069721377786,34.96658216984204,-85.24730998871595,POINT (-85.23069721377786 34.98789664489735),POINT (-85.24730998871595 34.96658216984204)
29,34.995516049427565,-85.23471791948053,34.957738832951236,-85.17315829523379,POINT (-85.23471791948053 34.995516049427565),POINT (-85.17315829523379 34.957738832951236)
54,34.99259929211276,-85.23339897623593,35.01176758727876,-85.22577683023033,POINT (-85.23339897623593 34.99259929211276),POINT (-85.22577683023033 35.01176758727876)
54,35.004397017026086,-85.21741715383118,35.02106405595518,-85.21600946383307,POINT (-85.21741715383118 35.004397017026086),POINT (-85.21600946383307 35.02106405595518)
33,34.98956519938977,-85.22457911421004,34.99051315350787,-85.20993297552641,POINT (-85.22457911421004 34.98956519938977),POINT (-85.20993297552641 34.99051315350787)
13,34.98537716582321,-85.2363376696787,34.97510519425425,-85.25092581212736,POINT (-85.2363376696787 34.98537716582321),POINT (-85.25092581212736 34.97510519425425)
100,34.990926077125074,-85.22988848761987,34.980842591765985,-85.1596474940246,POINT (-85.22988848761987 34.990926077125074),POINT (-85.1596474940246 34.980842591765985)
82,34.99560082721467,-85.23669458826183,35.01352900468897,-85.19708603254686,POINT (-85.23669458826183 34.99560082721467),POINT (-85.19708603254686 35.01352900468897)
1,34.993116405671714,-85.22618547884618,35.008693840694285,-85.10181287983059,POINT (-85.22618547884618 34.993116405671714),POINT (-85.10181287983059 35.008693840694285)
22,34.99315153176251,-85.23225780165833,35.0020809138016,-85.24977224245781,POINT (-85.23225780165833 34.99315153176251),POINT (-85.24977224245781 35.0020809138016)
83,34.99124243676687,-85.22507138952237,34.979483672539885,-85.21755490400083,POINT (-85.22507138952237 34.99124243676687),POINT (-85.21755490400083 34.979483672539885)
22,34.989876424692966,-85.22780708208464,34.92820768008601,-85.20789174224649,POINT (-85.22780708208464 34.989876424692966),POINT (-85.20789174224649 34.92820768008601)
47,34.993917655930446,-85.2312167595096,34.971533150578715,-85.3129550967307,POINT (-85.2312167595096 34.993917655930446),POINT (-85.3129550967307 34.971533150578715)
60,34.981844405437464,-85.2329870637565,34.98412113906333,-85.21981213331259,POINT (-85.2329870637565 34.981844405437464),POINT (-85.21981213331259 34.98412113906333)
86,34.99110163152253,-85.22866360536152,34.99743016375118,-85.2199899874909,POINT (-85.22866360536152 34.99110163152253),POINT (-85.2199899874909 34.99743016375118)
5,34.98444182975221,-85.22304848524675,35.06440783421836,-85.35690281410241,POINT (-85.22304848524675 34.98444182975221),POINT (-85.35690281410241 35.06440783421836)
7,34.986989444219354,-85.23731132294864,34.97931644076022,-85.2507319967496,POINT (-85.23731132294864 34.986989444219354),POINT (-85.2507319967496 34.97931644076022)
94,34.99481607803356,-85.23404273761088,35.037370097719275,-85.21681344508423,POINT (-85.23404273761088 34.99481607803356),POINT (-85.21681344508423 35.037370097719275)
82,35.00358999422061,-85.22969259946308,34.991735569727574,-85.21138453316453,POINT (-85.22969259946308 35.00358999422061),POINT (-85.21138453316453 34.991735569727574)
15,34.99706758465137,-85.22982224515464,34.90840486400315,-85.05670823380207,POINT (-85.22982224515464 34.99706758465137),POINT (-85.05670823380207 34.90840486400315)
60,34.99356010272888,-85.23037982598863,34.9895685827055,-85.24926277948084,POINT (-85.23037982598863 34.99356010272888),POINT (-85.24926277948084 34.9895685827055)
32,34.9954959653483,-85.22594037725605,35.0931811556156,-85.12980812726333,POINT (-85.22594037725605 34.9954959653483),POINT (-85.12980812726333 35.0931811556156)
48,34.99617695229413,-85.23636876441768,34.97340854774873,-85.24919266231512,POINT (-85.23636876441768 34.99617695229413),POINT (-85.24919266231512 34.97340854774873)
15,34.98927518282557,-85.22400864496475,34.89520153061304,-85.35073655232864,POINT (-85.22400864496475 34.98927518282557),POINT (-85.35073655232864 34.89520153061304)
90,34.98658028045494,-85.22026411464911,35.0125032702362,-85.23600369552199,POINT (-85.22026411464911 34.98658028045494),POINT (-85.23600369552199 35.0125032702362)
19,34.99489521295921,-85.22512513055963,35.003593015393804,-85.2462943361364,POINT (-85.22512513055963 34.99489521295921),POINT (-85.2462943361364 35.003593015393804)
6,34.999102119034916,-85.23639522687056,34.98312433014667,-85.23594196177555,POINT (-85.23639522687056 34.999102119034916),POINT (-85.23594196177555 34.98312433014667)
37,34.98323218215979,-85.23607402447652,34.94247029281277,-85.30088784091437,POINT (-85.23607402447652 34.98323218215979),POINT (-85.30088784091437 34.94247029281277)
97,34.9921086247494,-85.21848587247594,34.977464599442754,-85.19450951744585,POINT (-85.21848587247594 34.9921086247494),POINT (-85.19450951744585 34.977464599442754)
98,34.987996394009166,-85.23185348048641,34.99929445991232,-85.25934029149072,POINT (-85.23185348048641 34.987996394009166),POINT (-85.25934029149072 34.99929445991232)
54,34.99128270049446,-85.22650894887248,35.00619437886721,-85.26869093884866,POINT (-85.22650894887248 34.99128270049446),POINT (-85.26869093884866 35.00619437886721)
9,34.99238471150228,-85.2273142447472,34.97316441343426,-85.22681111359489,POINT (-85.2273142447472 34.99238471150228),POINT (-85.22681111359489 34.97316441343426)
14,34.99374635159359,-85.2317272185353,34.98402163566601,-85.25552299530611,POINT (-85.2317272185353 34.99374635159359),POINT (-85.25552299530611 34.98402163566601)
37,34.987553782198184,-85.23050003888194,34.990159228051304,-85.29088496490645,POINT (-85.23050003888194 34.987553782198184),POINT (-85.29088496490645 34.990159228051304)
11,34.991265476907216,-85.22436305496397,35.009229316213215,-85.19993054400697,POINT (-85.22436305496397 34.991265476907216),POINT (-85.19993054400697 35.009229316213215)
79,34.989571130731505,-85.22550504627804,35.067332023864246,-85.38309269283218,POINT (-85.22550504627804 34.989571130731505),POINT (-85.38309269283218 35.067332023864246)
58,34.99273995532785,-85.2293572541234,34.98853572272673,-85.20745586887195,POINT (-85.2293572541234 34.99273995532785),POINT (-85.20745586887195 34.98853572272673)
83,34.99888469815855,-85.23346792601315,35.01164758548513,-85.20647415687226,POINT (-85.23346792601315 34.99888469815855),POINT (-85.20647415687226 35.01164758548513)
75,34.98616073691335,-85.2336451599408,35.04863471471453,-85.2556648330138,POINT (-85.2336451599408 34.98616073691335),POINT (-85.2556648330138 35.04863471471453)
55,34.99202695753957,-85.2189883014427,34.98293876198889,-85.20042381457316,POINT (-85.2189883014427 34.99202695753957),POINT (-85.20042381457316 34.98293876198889)
22,34.98582734791991,-85.24055524868584,34.99548478524474,-85.26920340606677,POINT (-85.24055524868584 34.98582734791991),POINT (-85.26920340606677 34.99548478524474)
55,34.99185940124859,-85.22421205936834,34.92968255110332,-85.41927082046287,POINT (-85.22421205936834 34.99185940124859),POINT (-85.41927082046287 34.92968255110332)
81,34.99989394164012,-85.22827386022132,34.97448514543779,-85.28403601967632,POINT (-85.22827386022132 34.99989394164012),POINT (-85.28403601967632 34.97448514543779)
28,34.98449781383369,-85.23980758843128,34.974918378686574,-85.23052235349499,POINT (-85.23980758843128 34.98449781383369),POINT (-85.23052235349499 34.974918378686574)
87,34.98451998092686,-85.23335452006559,35.00289312717555,-85.22120842099646,POINT (-85.23335452006559 34.98451998092686),POINT (-85.22120842099646 35.00289312717555)
19,34.99482717147896,-85.22643138326282,34.97118900972327,-85.2212396322726,POINT (-85.22643138326282 34.99482717147896),POINT (-85.2212396322726 34.97118900972327)
52,34.99379546774489,-85.22885490735952,35.004541833615875,-85.2294759497813,POINT (-85.22885490735952 34.99379546774489),POINT (-85.2294759497813 35.004541833615875)
3,34.99424002099527,-85.22703475856112,34.96605123242615,-85.26367422030133,POINT (-85.22703475856112 34.99424002099527),POINT (-85.26367422030133 34.96605123242615)
51,35.001683957077454,-85.233010503869,34.98941387688284,-85.2508670144568,POINT (-85.233010503869 35.001683957077454),POINT (-85.2508670144568 34.98941387688284)
6,34.99105846865071,-85.22933307062,35.01831062176257,-85.18013226494479,POINT (-85.22933307062 34.99105846865071),POINT (-85.18013226494479 35.01831062176257)
60,34.98628040168205,-85.21974962001335,34.941612559795246,-85.24304046121712,POINT (-85.21974962001335 34.98628040168205),POINT (-85.24304046121712 34.941612559795246)
8,34.9893045896079,-85.2274810245726,34.9870990895442,-85.21298739141471,POINT (-85.2274810245726 34.9893045896079),POINT (-85.21298739141471 34.9870990895442)
4,34.995965790742765,-85.22118159420832,35.00290697893767,-85.24430590708056,POINT (-85.22118159420832 34.995965790742765),POINT (-85.24430590708056 35.00290697893767)
10,34.998634302291414,-85.22940128036046,35.040151731959554,-85.25308496439543,POINT (-85.22940128036046 34.998634302291414),POINT (-85.25308496439543 35.040151731959554)
66,34.989300827235475,-85.22765227245083,34.972175020998534,-85.23557430294676,POINT (-85.22765227245083 34.989300827235475),POINT (-85.23557430294676 34.972175020998534)
14,34.99335226724283,-85.2299164298487,34.973661528724286,-85.22569205849474,POINT (-85.2299164298487 34.99335226724283),POINT (-85.22569205849474 34.973661528724286)
63,34.999791140763776,-85.23161578602495,35.010603756385336,-85.21358021594921,POINT (-85.23161578602495 34.999791140763776),POINT (-85.21358021594921 35.010603756385336)
87,34.990085741071574,-85.23134986411584,34.97375376133689,-85.29357983083158,POINT (-85.23134986411584 34.990085741071574),POINT (-85.29357983083158 34.97375376133689)
85,35.00018604659222,-85.23310264871044,34.99614483369195,-85.4150680194874,POINT (-85.23310264871044 35.00018604659222),POINT (-85.4150680194874 34.99614483369195)
12,34.99289063806464,-85.22785020471636,35.02014547167778,-85.21351519078716,POINT (-85.22785020471636 34.99289063806464),POINT (-85.21351519078716 35.02014547167778)
25,34.98740629774661,-85.22809661392348,34.97701273869991,-85.282309140914,POINT (-85.22809661392348 34.98740629774661),POINT (-85.282309140914 34.97701273869991)
9,34.99350580247969,-85.23845424672167,35.018527882286605,-85.24663912163646,POINT (-85.23845424672167 34.99350580247969),POINT (-85.24663912163646 35.018527882286605)
50,34.9907888880866,-85.22999864368401,34.94913363912046,-85.25007041118975,POINT (-85.22999864368401 34.9907888880866),POINT (-85.25007041118975 34.94913363912046)
35,34.99015808502454,-85.22959476643918,34.97981836016588,-85.27690431231916,POINT (-85.22959476643918 34.99015808502454),POINT (-85.27690431231916 34.97981836016588)
12,34.99217766579204,-85.23170316927836,35.07957272171946,-85.25338300274048,POINT (-85.23170316927836 34.99217766579204),POINT (-85.25338300274048 35.07957272171946)
62,34.98687547995038,-85.24127272227216,34.98130337473869,-85.25639778488824,POINT (-85.24127272227216 34.98687547995038),POINT (-85.25639778488824 34.98130337473869)
65,34.98849033519753,-85.22904698536495,35.022648835432264,-85.26258340497932,POINT (-85.22904698536495 34.98849033519753),POINT (-85.26258340497932 35.022648835432264)
67,34.98925100646509,-85.23309405660231,34.93435292918201,-85.28748745410446,POINT (-85.23309405660231 34.98925100646509),POINT (-85.28748745410446 34.93435292918201)
17,34.98623509494853,-85.21730488936517,34.98217019486748,-85.18789602255808,POINT (-85.21730488936517 34.98623509494853),POINT (-85.18789602255808 34.98217019486748)
86,34.98904719418306,-85.23305462655708,34.97998509003929,-85.22877388699683,POINT (-85.23305462655708 34.98904719418306),POINT (-85.22877388699683 34.97998509003929)
60,35.00045581751174,-85.22632022190457,35.009188469835415,-85.2550194237415,POINT (-85.22632022190457 35.00045581751174),POINT (-85.2550194237415 35.009188469835415)
67,34.997544992610045,-85.23083987756476,34.970920032104026,-85.29856720210563,POINT (-85.23083987756476 34.997544992610045),POINT (-85.29856720210563 34.970920032104026)
63,34.98844862508378,-85.23477971049786,34.98187229157291,-85.25233874966582,POINT (-85.23477971049786 34.98844862508378),POINT (-85.25233874966582 34.98187229157291)
36,34.99539426195682,-85.23154257403617,35.01023038401078,-85.22635381410959,POINT (-85.23154257403617 34.99539426195682),POINT (-85.22635381410959 35.01023038401078)
36,34.981826396263564,-85.21861978567007,34.98140880449247,-85.19784605286677,POINT (-85.21861978567007 34.981826396263564),POINT (-85.19784605286677 34.98140880449247)
35,34.99273385225983,-85.23265271879113,35.003620729452734,-85.21966348600091,POINT (-85.23265271879113 34.99273385225983),POINT (-85.21966348600091 35.003620729452734)
95,34.989803280060805,-85.22946591353679,34.94208941664489,-85.27499497218584,POINT (-85.22946591353679 34.989803280060805),POINT (-85.27499497218584 34.94208941664489)
85,34.989041488054895,-85.23334818610964,34.97650017088924,-85.21918736840185,POINT (-85.23334818610964 34.989041488054895),POINT (-85.21918736840185 34.97650017088924)
82,34.99167052705441,-85.2275962146563,34.9995081501821,-85.258327275459,POINT (-85.2275962146563 34.99167052705441),POINT (-85.258327275459 34.9995081501821)
9,34.99411967148187,-85.23702231013557,34.944126286723,-85.19997557064478,POINT (-85.23702231013557 34.99411967148187),POINT (-85.19997557064478 34.944126286723)
86,34.988756014835545,-85.22409302001498,35.0022603811791,-85.21272822972388,POINT (-85.22409302001498 34.988756014835545),POINT (-85.21272822972388 35.0022603811791)
68,34.98712390129706,-85.23066503087465,35.01244551055186,-85.28408319558784,POINT (-85.23066503087465 34.98712390129706),POINT (-85.28408319558784 35.01244551055186)
94,34.99939335814805,-85.22677884065028,34.98352009709655,-85.22757672006381,POINT (-85.22677884065028 34.99939335814805),POINT (-85.22757672006381 34.98352009709655)
53,34.991025192684816,-85.22899870053438,34.96615480011266,-85.20145597360596,POINT (-85.22899870053438 34.991025192684816),POINT (-85.20145597360596 34.96615480011266)
30,34.98864477631016,-85.24335936151796,34.95566249935559,-85.2663720444132,POINT (-85.24335936151796 34.98864477631016),POINT (-85.2663720444132 34.95566249935559)
27,34.98750802695567,-85.23502849514917,34.97858209145002,-85.22931382602836,POINT (-85.23502849514917 34.98750802695567),POINT (-85.22931382602836 34.97858209145002)
55,34.99093313081537,-85.22993978515042,35.001709456685404,-85.23024341826991,POINT (-85.22993978515042 34.99093313081537),POINT (-85.23024341826991 35.001709456685404)
11,34.99055934848106,-85.22705450572023,34.96440346078023,-85.22075723398167,POINT (-85.22705450572023 34.99055934848106),POINT (-85.22075723398167 34.96440346078023)
40,34.99440528342748,-85.23574872751705,34.98603503792041,-85.21930567147518,POINT (-85.23574872751705 34.99440528342748),POINT (-85.21930567147518 34.98603503792041)
22,34.993295458975105,-85.22194466472824,35.00913151837779,-85.24999806548666,POINT (-85.22194466472824 34.993295458975105),POINT (-85.24999806548666 35.00913151837779)
38,34.99551572632734,-85.24080788565449,35.00083579478636,-85.46055226496946,POINT (-85.24080788565449 34.99551572632734),POINT (-85.46055226496946 35.00083579478636)
76,34.99125415490753,-85.22298243471337,35.002277425324486,-85.22925083291148,POINT (-85.22298243471337 34.99125415490753),POINT (-85.22925083291148 35.002277425324486)
81,34.992373460341106,-85.22845021597834,35.00828234188853,-85.20270497707295,POINT (-85.22845021597834 34.992373460341106),POINT (-85.20270497707295 35.00828234188853)
24,34.9879816799115,-85.22241725939844,34.98542372123671,-85.23708438871518,POINT (-85.22241725939844 34.9879816799115),POINT (-85.23708438871518 34.98542372123671)
65,34.99556623191343,-85.22539396949814,35.07850828111615,-85.24628585077595,POINT (-85.22539396949814 34.99556623191343),POINT (-85.24628585077595 35.07850828111615)
25,34.984304407334605,-85.22826277464864,34.98514543007094,-85.21266240648997,POINT (-85.22826277464864 34.984304407334605),POINT (-85.21266240648997 34.98514543007094)
34,34.989306305824584,-85.22530214851817,34.98268088042637,-85.17834034265543,POINT (-85.22530214851817 34.989306305824584),POINT (-85.17834034265543 34.98268088042637)
3,34.99774023763329,-85.22375039721041,34.97414021501441,-85.23276565223506,POINT (-85.22375039721041 34.99774023763329),POINT (-85.23276565223506 34.97414021501441)
55,34.99651252741154,-85.24476192687887,35.010867586929876,-85.25053311736171,POINT (-85.24476192687887 34.99651252741154),POINT (-85.25053311736171 35.010867586929876)
27,35.08997540257646,-85.33722662244327,35.07603615413965,-85.3121794853601,POINT (-85.33722662244327 35.08997540257646),POINT (-85.3121794853601 35.07603615413965)
85,35.09670733380377,-85.32229719467237,35.09019586472256,-85.31415107770599,POINT (-85.32229719467237 35.09670733380377),POINT (-85.31415107770599 35.09019586472256)
35,35.10735469553806,-85.31982114635241,35.12371914433071,-85.30836392255867,POINT (-85.31982114635241 35.10735469553806),POINT (-85.30836392255867 35.12371914433071)
54,35.10984976036298,-85.32638220842425,35.215849199873595,-85.31128481116012,POINT (-85.32638220842425 35.10984976036298),POINT (-85.31128481116012 35.215849199873595)
38,35.09446115743897,-85.33819380898852,35.10636843943003,-85.34586951927768,POINT (-85.33819380898852 35.09446115743897),POINT (-85.34586951927768 35.10636843943003)
84,35.106257846154215,-85.32343933518261,35.12683740245236,-85.26795585741117,POINT (-85.32343933518261 35.106257846154215),POINT (-85.26795585741117 35.12683740245236)
1,35.10093713529243,-85.325974061325,35.09977074441251,-85.34257401088344,POINT (-85.325974061325 35.10093713529243),POINT (-85.34257401088344 35.09977074441251)
22,35.10530451820726,-85.33918343441528,35.08315642594762,-85.33139374197259,POINT (-85.33918343441528 35.10530451820726),POINT (-85.33139374197259 35.08315642594762)
97,35.1011976300275,-85.32833810027766,35.1244233748976,-85.32532351259573,POINT (-85.32833810027766 35.1011976300275),POINT (-85.32532351259573 35.1244233748976)
15,35.10401666598611,-85.32722394270753,35.06992487841532,-85.34175650287636,POINT (-85.32722394270753 35.10401666598611),POINT (-85.34175650287636 35.06992487841532)
47,35.109834804960286,-85.33130135784981,35.21692156850838,-85.34673539326658,POINT (-85.33130135784981 35.109834804960286),POINT (-85.34673539326658 35.21692156850838)
83,35.109820230758594,-85.3313113618016,35.125656150485995,-85.3259796849293,POINT (-85.3313113618016 35.109820230758594),POINT (-85.3259796849293 35.125656150485995)
8,35.09985954795518,-85.33110663949324,35.09382683468234,-85.30262009996885,POINT (-85.33110663949324 35.09985954795518),POINT (-85.30262009996885 35.09382683468234)
13,35.09750854995576,-85.32537136486177,35.09776152564224,-85.23828682570536,POINT (-85.32537136486177 35.09750854995576),POINT (-85.23828682570536 35.09776152564224)
48,35.098767975187044,-85.32663544660494,35.08767890045202,-85.31193902102446,POINT (-85.32663544660494 35.098767975187044),POINT (-85.31193902102446 35.08767890045202)
81,35.09169176682191,-85.32427229837515,35.133554653326854,-85.28614633836862,POINT (-85.32427229837515 35.09169176682191),POINT (-85.28614633836862 35.133554653326854)
8,35.102972269211676,-85.33074347280233,35.08713217466693,-85.30933462994892,POINT (-85.33074347280233 35.102972269211676),POINT (-85.30933462994892 35.08713217466693)
27,35.110988211732646,-85.3247985004134,35.10070492877185,-85.30840269411419,POINT (-85.3247985004134 35.110988211732646),POINT (-85.30840269411419 35.10070492877185)
39,35.103226776913864,-85.32609925527524,35.18560376813424,-85.30660411182286,POINT (-85.32609925527524 35.103226776913864),POINT (-85.30660411182286 35.18560376813424)
60,35.092571103407664,-85.32084957018063,35.09298233625883,-85.37595723853867,POINT (-85.32084957018063 35.092571103407664),POINT (-85.37595723853867 35.09298233625883)
79,35.094149423776855,-85.32943598742246,35.110189005265184,-85.35552713063163,POINT (-85.32943598742246 35.094149423776855),POINT (-85.35552713063163 35.110189005265184)
10,35.10267318379059,-85.32313407340644,35.09934047181252,-85.35290353170214,POINT (-85.32313407340644 35.10267318379059),POINT (-85.35290353170214 35.09934047181252)
15,35.10615468109889,-85.33458908686495,35.07647435110861,-85.34482750102032,POINT (-85.33458908686495 35.10615468109889),POINT (-85.34482750102032 35.07647435110861)
86,35.10014764844734,-85.34332090145645,35.122460378316795,-85.32605831889016,POINT (-85.34332090145645 35.10014764844734),POINT (-85.32605831889016 35.122460378316795)
30,35.104695485899356,-85.33523101266206,35.12574650115863,-85.39045498443267,POINT (-85.33523101266206 35.104695485899356),POINT (-85.39045498443267 35.12574650115863)
88,35.09896142878911,-85.33201210440113,35.00515542784387,-85.31997418300908,POINT (-85.33201210440113 35.09896142878911),POINT (-85.31997418300908 35.00515542784387)
37,35.1104789387661,-85.33189474886993,35.090331885690716,-85.29747281422271,POINT (-85.33189474886993 35.1104789387661),POINT (-85.29747281422271 35.090331885690716)
54,35.101072913982776,-85.33163403270456,35.043605360957336,-85.31772998270509,POINT (-85.33163403270456 35.101072913982776),POINT (-85.31772998270509 35.043605360957336)
59,35.10827441792708,-85.33191176238596,35.056882815361455,-85.14465812729941,POINT (-85.33191176238596 35.10827441792708),POINT (-85.14465812729941 35.056882815361455)
15,35.10035820313383,-85.32842203815962,35.09102268611473,-85.32836267794504,POINT (-85.32842203815962 35.10035820313383),POINT (-85.32836267794504 35.09102268611473)
26,35.088538438656784,-85.32834223055526,35.102531728668794,-85.35119043702224,POINT (-85.32834223055526 35.088538438656784),POINT (-85.35119043702224 35.102531728668794)
39,35.10371523746134,-85.32534147551199,35.09785547257312,-85.3118400512462,POINT (-85.32534147551199 35.10371523746134),POINT (-85.3118400512462 35.09785547257312)
36,35.10268383772099,-85.33860552163742,35.07905851230806,-85.28403892234063,POINT (-85.33860552163742 35.10268383772099),POINT (-85.28403892234063 35.07905851230806)
87,35.09479625959008,-85.3299763123541,35.11133500538626,-85.35058345510126,POINT (-85.3299763123541 35.09479625959008),POINT (-85.35058345510126 35.11133500538626)
55,35.10459805639337,-85.32703084391107,35.117043291504785,-85.32433596984356,POINT (-85.32703084391107 35.10459805639337),POINT (-85.32433596984356 35.117043291504785)
78,35.10043195804311,-85.32483467158761,35.1094461175609,-85.31157772579441,POINT (-85.32483467158761 35.10043195804311),POINT (-85.31157772579441 35.1094461175609)
13,35.10018668575809,-85.32710668407776,35.094191189041894,-85.33614020511195,POINT (-85.32710668407776 35.10018668575809),POINT (-85.33614020511195 35.094191189041894)
19,35.099725312323535,-85.3320245706624,35.10366358251704,-85.34400822114712,POINT (-85.3320245706624 35.099725312323535),POINT (-85.34400822114712 35.10366358251704)
58,35.09397908436914,-85.3163023521605,35.09214627953652,-85.33203829999852,POINT (-85.3163023521605 35.09397908436914),POINT (-85.33203829999852 35.09214627953652)
94,35.09747320171526,-85.32059089830655,35.106072402160336,-85.33981571156225,POINT (-85.32059089830655 35.09747320171526),POINT (-85.33981571156225 35.106072402160336)
36,35.09821716886848,-85.31978730360285,35.04528080182149,-85.41070887376536,POINT (-85.31978730360285 35.09821716886848),POINT (-85.41070887376536 35.04528080182149)
99,35.0984826151561,-85.33145168038364,35.119273658347716,-85.31795657348968,POINT (-85.33145168038364 35.0984826151561),POINT (-85.31795657348968 35.119273658347716)
34,35.107133667885144,-85.33172472129684,35.0826709979062,-85.27142039318299,POINT (-85.33172472129684 35.107133667885144),POINT (-85.27142039318299 35.0826709979062)
83,35.101169114435514,-85.328167345272,35.11834489130211,-85.31040191631952,POINT (-85.328167345272 35.101169114435514),POINT (-85.31040191631952 35.11834489130211)
98,35.10251024008455,-85.32445489854256,35.08798493597895,-85.2670572099292,POINT (-85.32445489854256 35.10251024008455),POINT (-85.2670572099292 35.08798493597895)
42,35.09710890812369,-85.33771508716548,35.07993630602167,-85.36098436161855,POINT (-85.33771508716548 35.09710890812369),POINT (-85.36098436161855 35.07993630602167)
30,35.10237815748539,-85.32971755159322,34.99397730068089,-85.38389908922012,POINT (-85.32971755159322 35.10237815748539),POINT (-85.38389908922012 34.99397730068089)
100,35.09146219328474,-85.32493013152559,35.09390226135827,-85.30523173137848,POINT (-85.32493013152559 35.09146219328474),POINT (-85.30523173137848 35.09390226135827)
16,35.10376049875414,-85.33464353944255,35.078417474393085,-85.3266280290223,POINT (-85.33464353944255 35.10376049875414),POINT (-85.3266280290223 35.078417474393085)
80,35.102977857112066,-85.32854069954799,35.12282940842801,-85.37863144578614,POINT (-85.32854069954799 35.102977857112066),POINT (-85.37863144578614 35.12282940842801)
28,35.094437572007685,-85.33354006602674,35.133534818250965,-85.40495119668802,POINT (-85.33354006602674 35.094437572007685),POINT (-85.40495119668802 35.133534818250965)
50,35.1057769440516,-85.33500349368252,35.09303302029788,-85.3363913482692,POINT (-85.33500349368252 35.1057769440516),POINT (-85.3363913482692 35.09303302029788)
10,35.10296849906577,-85.32604367585115,35.11034052575124,-85.31012860370357,POINT (-85.32604367585115 35.10296849906577),POINT (-85.31012860370357 35.11034052575124)
63,35.10126232012765,-85.32869459898896,35.08052411882986,-85.26369483928748,POINT (-85.32869459898896 35.10126232012765),POINT (-85.26369483928748 35.08052411882986)
49,35.108776929689476,-85.3289496117714,35.159955878071905,-85.35739731432744,POINT (-85.3289496117714 35.108776929689476),POINT (-85.35739731432744 35.159955878071905)
74,35.105491416735916,-85.32759419298579,34.96537446563227,-85.390982943468,POINT (-85.32759419298579 35.105491416735916),POINT (-85.390982943468 34.96537446563227)
61,35.096889014129104,-85.320843800663,35.115673970127354,-85.34035053987728,POINT (-85.320843800663 35.096889014129104),POINT (-85.34035053987728 35.115673970127354)
77,35.10133233428525,-85.32499738384746,35.082577226927675,-85.30735411109055,POINT (-85.32499738384746 35.10133233428525),POINT (-85.30735411109055 35.082577226927675)
89,35.10075569235127,-85.33090348488767,35.122801506076414,-85.31421044864638,POINT (-85.33090348488767 35.10075569235127),POINT (-85.31421044864638 35.122801506076414)
82,35.09566454801672,-85.33743933762956,35.09744830738077,-85.30927762548421,POINT (-85.33743933762956 35.09566454801672),POINT (-85.30927762548421 35.09744830738077)
71,35.101731929497475,-85.32905513364648,35.112485219552234,-85.35450768913542,POINT (-85.32905513364648 35.101731929497475),POINT (-85.35450768913542 35.112485219552234)
74,35.11318056121963,-85.32760878054607,35.14354363764062,-85.23610694304061,POINT (-85.32760878054607 35.11318056121963),POINT (-85.23610694304061 35.14354363764062)
42,35.10303555440869,-85.32127728782177,35.128045638526636,-85.3121320188559,POINT (-85.32127728782177 35.10303555440869),POINT (-85.3121320188559 35.128045638526636)
93,35.10001953678347,-85.32613756833649,35.057003923125194,-85.31306567824141,POINT (-85.32613756833649 35.10001953678347),POINT (-85.31306567824141 35.057003923125194)
33,35.0959414912131,-85.32371065343389,35.119355061890005,-85.27803328585432,POINT (-85.32371065343389 35.0959414912131),POINT (-85.27803328585432 35.119355061890005)
52,35.09709297724269,-85.32968947833768,35.08879079420344,-85.35212969248546,POINT (-85.32968947833768 35.09709297724269),POINT (-85.35212969248546 35.08879079420344)
54,35.102324373242105,-85.32856956525798,35.08028002921163,-85.3437247783205,POINT (-85.32856956525798 35.102324373242105),POINT (-85.3437247783205 35.08028002921163)
57,35.097505401408064,-85.33206604401175,35.08379983266337,-85.3524893603062,POINT (-85.33206604401175 35.097505401408064),POINT (-85.3524893603062 35.08379983266337)
23,35.09568524014194,-85.33072305619147,35.10223859302169,-85.34468617002238,POINT (-85.33072305619147 35.09568524014194),POINT (-85.34468617002238 35.10223859302169)
86,35.09953553454137,-85.31784884101351,35.15257437787768,-85.42364879924992,POINT (-85.31784884101351 35.09953553454137),POINT (-85.42364879924992 35.15257437787768)
17,35.09888748346063,-85.32944398848905,35.08991489285597,-85.32539557046769,POINT (-85.32944398848905 35.09888748346063),POINT (-85.32539557046769 35.08991489285597)
95,35.10755438731156,-85.3355701992092,35.11444899270445,-85.34926912989735,POINT (-85.3355701992092 35.10755438731156),POINT (-85.34926912989735 35.11444899270445)
85,35.10291649651727,-85.3290450973111,35.09461125873807,-85.348674693227,POINT (-85.3290450973111 35.10291649651727),POINT (-85.348674693227 35.09461125873807)
89,35.100301462533714,-85.32190442318966,35.102628915148415,-85.35193759243283,POINT (-85.32190442318966 35.100301462533714),POINT (-85.35193759243283 35.102628915148415)
35,35.10185635135692,-85.32903281327478,35.11653343985676,-85.320525899873,POINT (-85.32903281327478 35.10185635135692),POINT (-85.320525899873 35.11653343985676)
7,35.10278595719862,-85.32570977486377,34.94887363207736,-85.37857423812714,POINT (-85.32570977486377 35.10278595719862),POINT (-85.37857423812714 34.94887363207736)
41,35.097967481315166,-85.33072984974456,35.096319899154444,-85.41155289003994,POINT (-85.33072984974456 35.097967481315166),POINT (-85.41155289003994 35.096319899154444)
14,35.09224341293883,-85.33048247866759,35.102963752191236,-85.32661161178434,POINT (-85.33048247866759 35.09224341293883),POINT (-85.32661161178434 35.102963752191236)
40,35.110738187851766,-85.32107130936274,35.11916182328158,-85.29976607970677,POINT (-85.32107130936274 35.110738187851766),POINT (-85.29976607970677 35.11916182328158)
100,35.1062869837507,-85.32910100971401,35.17353436902351,-85.3041917140977,POINT (-85.32910100971401 35.1062869837507),POINT (-85.3041917140977 35.17353436902351)
61,35.0972866120467,-85.32226312556753,35.00435971972821,-85.42502146094928,POINT (-85.32226312556753 35.0972866120467),POINT (-85.42502146094928 35.00435971972821)
81,35.10468497311473,-85.32352798416784,35.13329486147056,-85.17484519394681,POINT (-85.32352798416784 35.10468497311473),POINT (-85.17484519394681 35.13329486147056)
77,35.096507978330806,-85.33582614166293,35.04609272338284,-85.33449167061272,POINT (-85.33582614166293 35.096507978330806),POINT (-85.33449167061272 35.04609272338284)
68,35.10906567175197,-85.33271749347996,35.04232501292663,-85.2802028030186,POINT (-85.33271749347996 35.10906567175197),POINT (-85.2802028030186 35.04232501292663)
66,35.095196105047705,-85.32243246757467,35.09127176298801,-85.33432083616705,POINT (-85.32243246757467 35.095196105047705),POINT (-85.33432083616705 35.09127176298801)
92,35.1092959832075,-85.31767081333312,35.066484649534004,-85.37373304269416,POINT (-85.31767081333312 35.1092959832075),POINT (-85.37373304269416 35.066484649534004)
2,35.10635918123903,-85.32411781585522,35.10756990735384,-85.30313465112782,POINT (-85.32411781585522 35.10635918123903),POINT (-85.30313465112782 35.10756990735384)
45,35.11011165896534,-85.3294834793254,35.063529498389066,-85.37925352828955,POINT (-85.3294834793254 35.11011165896534),POINT (-85.37925352828955 35.063529498389066)
69,35.0935513032119,-85.31917148919878,35.22525749329274,-85.41117010378302,POINT (-85.31917148919878 35.0935513032119),POINT (-85.41117010378302 35.22525749329274)
11,35.09994829963348,-85.32825582582043,35.08959669476505,-85.353924111945,POINT (-85.32825582582043 35.09994829963348),POINT (-85.353924111945 35.08959669476505)
50,35.094599797042115,-85.33486772078575,35.10109913623364,-85.51746207956613,POINT (-85.33486772078575 35.094599797042115),POINT (-85.51746207956613 35.10109913623364)
91,35.10916389517559,-85.33870425076323,35.11093608642696,-85.30758180551554,POINT (-85.33870425076323 35.10916389517559),POINT (-85.30758180551554 35.11093608642696)
26,35.103355726684754,-85.31902349999471,35.093651104695326,-85.3397586088689,POINT (-85.31902349999471 35.103355726684754),POINT (-85.3397586088689 35.093651104695326)
55,35.10496991898348,-85.32385905196023,35.0544187425474,-85.21812914811669,POINT (-85.32385905196023 35.10496991898348),POINT (-85.21812914811669 35.0544187425474)
59,35.093498929518084,-85.3204165341086,35.072534642241074,-85.36552705182258,POINT (-85.3204165341086 35.093498929518084),POINT (-85.36552705182258 35.072534642241074)
9,35.09977769382902,-85.32705199016311,35.07823378056692,-85.32439217850657,POINT (-85.32705199016311 35.09977769382902),POINT (-85.32439217850657 35.07823378056692)
91,35.10387096383657,-85.33174151813775,35.1259335935054,-85.31453038065925,POINT (-85.33174151813775 35.10387096383657),POINT (-85.31453038065925 35.1259335935054)
92,35.100249117378624,-85.32584066881579,35.083036403517596,-85.31197710197961,POINT (-85.32584066881579 35.100249117378624),POINT (-85.31197710197961 35.083036403517596)
64,35.107614759053874,-85.31532136486615,35.10780729478843,-85.30133383988489,POINT (-85.31532136486615 35.107614759053874),POINT (-85.30133383988489 35.10780729478843)
16,35.09931554924012,-85.32995977256516,35.083471987045655,-85.35134198698869,POINT (-85.32995977256516 35.09931554924012),POINT (-85.35134198698869 35.083471987045655)
60,35.04956590845036,-85.31624201891486,35.04954798084086,-85.3313407015345,POINT (-85.31624201891486 35.04956590845036),POINT (-85.3313407015345 35.04954798084086)
51,35.04519369370828,-85.32030522158874,34.9360029194243,-85.43272670037656,POINT (-85.32030522158874 35.04519369370828),POINT (-85.43272670037656 34.9360029194243)
4,35.04448364713318,-85.3178998730297,34.994783686075856,-85.3430300386543,POINT (-85.3178998730297 35.04448364713318),POINT (-85.3430300386543 34.994783686075856)
94,35.03618252655943,-85.3232536648027,35.03170769020216,-85.34920572549288,POINT (-85.3232536648027 35.03618252655943),POINT (-85.34920572549288 35.03170769020216)
75,35.04515639377958,-85.31820577371992,35.035553699873276,-85.31332629555483,POINT (-85.31820577371992 35.04515639377958),POINT (-85.31332629555483 35.035553699873276)
39,35.04228842800474,-85.3183693247621,35.00764139185977,-85.3430754397382,POINT (-85.3183693247621 35.04228842800474),POINT (-85.3430754397382 35.00764139185977)
59,35.04392439704934,-85.30966003472588,35.03657605513522,-85.29941324110786,POINT (-85.30966003472588 35.04392439704934),POINT (-85.29941324110786 35.03657605513522)
23,35.04667676172544,-85.32746732840624,35.08016596992726,-85.28615628321104,POINT (-85.32746732840624 35.04667676172544),POINT (-85.28615628321104 35.08016596992726)
76,35.04586990692029,-85.31840355798764,35.097233620696755,-85.34150476102973,POINT (-85.31840355798764 35.04586990692029),POINT (-85.34150476102973 35.097233620696755)
4,35.0449608165165,-85.31555138079554,34.97673929650153,-85.31244366419351,POINT (-85.31555138079554 35.0449608165165),POINT (-85.31244366419351 34.97673929650153)
99,35.0415249024615,-85.32104157230192,34.91099582059867,-85.36288990730684,POINT (-85.32104157230192 35.0415249024615),POINT (-85.36288990730684 34.91099582059867)
92,35.04409012820057,-85.31415827042055,35.060482617044016,-85.31669824651561,POINT (-85.31415827042055 35.04409012820057),POINT (-85.31669824651561 35.060482617044016)
53,35.04285114844337,-85.31515224762605,35.05046195148054,-85.3064600341652,POINT (-85.31515224762605 35.04285114844337),POINT (-85.3064600341652 35.05046195148054)
93,35.04337438169893,-85.31653434304168,35.03528284112197,-85.38058304495135,POINT (-85.31653434304168 35.04337438169893),POINT (-85.38058304495135 35.03528284112197)
27,35.03766802205134,-85.31685727739553,34.9690025692564,-85.35106628767082,POINT (-85.31685727739553 35.03766802205134),POINT (-85.35106628767082 34.9690025692564)
18,35.048496612159504,-85.3116807863253,35.04933770086673,-85.24670346300712,POINT (-85.3116807863253 35.048496612159504),POINT (-85.24670346300712 35.04933770086673)
12,35.043191740313176,-85.31768640598531,35.05341700126191,-85.26102888486275,POINT (-85.31768640598531 35.043191740313176),POINT (-85.26102888486275 35.05341700126191)
62,35.04394495641857,-85.31474160983471,35.05768801734189,-85.37827393074386,POINT (-85.31474160983471 35.04394495641857),POINT (-85.37827393074386 35.05768801734189)
11,35.05151083409982,-85.31758853511586,35.055590033938834,-85.32980165247697,POINT (-85.31758853511586 35.05151083409982),POINT (-85.32980165247697 35.055590033938834)
4,35.0422873291191,-85.31607010291012,35.000967147941736,-85.28002514498101,POINT (-85.31607010291012 35.0422873291191),POINT (-85.28002514498101 35.000967147941736)
58,35.045207022392475,-85.31970623189183,34.910258397440444,-85.44936823784035,POINT (-85.31970623189183 35.045207022392475),POINT (-85.44936823784035 34.910258397440444)
18,35.052037978080904,-85.32591860394473,35.09261804520971,-85.37028255251987,POINT (-85.32591860394473 35.052037978080904),POINT (-85.37028255251987 35.09261804520971)
31,35.04011977305452,-85.32473646780029,35.041337954227004,-85.302845662677,POINT (-85.32473646780029 35.04011977305452),POINT (-85.302845662677 35.041337954227004)
30,35.03452911704367,-85.3148255625855,35.016954261724656,-85.31351385727616,POINT (-85.3148255625855 35.03452911704367),POINT (-85.31351385727616 35.016954261724656)
39,35.039627072250774,-85.31198338044553,35.08326809916554,-85.35950016885248,POINT (-85.31198338044553 35.039627072250774),POINT (-85.35950016885248 35.08326809916554)
90,35.04387934062858,-85.31590552846306,35.05185814885938,-85.32252809738492,POINT (-85.31590552846306 35.04387934062858),POINT (-85.32252809738492 35.05185814885938)
48,35.04986238841959,-85.32954952416351,35.05686594376566,-85.30924174808325,POINT (-85.32954952416351 35.04986238841959),POINT (-85.30924174808325 35.05686594376566)
24,35.04744495974413,-85.31477083301289,35.0628834503676,-85.3096509139045,POINT (-85.31477083301289 35.04744495974413),POINT (-85.3096509139045 35.0628834503676)
30,35.03671632219738,-85.32649871871001,35.01668195389627,-85.33667561236967,POINT (-85.32649871871001 35.03671632219738),POINT (-85.33667561236967 35.01668195389627)
52,35.05206223553473,-85.31010355471298,35.06660938540063,-85.32787049035497,POINT (-85.31010355471298 35.05206223553473),POINT (-85.32787049035497 35.06660938540063)
55,35.040059827480235,-85.31817031135874,34.954751344488756,-85.17858252391211,POINT (-85.31817031135874 35.040059827480235),POINT (-85.17858252391211 34.954751344488756)
10,35.04124979646455,-85.31126400284984,35.0611324091768,-85.3310043054489,POINT (-85.31126400284984 35.04124979646455),POINT (-85.3310043054489 35.0611324091768)
72,35.04068771823142,-85.30881312449272,35.04722062790891,-85.2435231398268,POINT (-85.30881312449272 35.04068771823142),POINT (-85.2435231398268 35.04722062790891)
75,35.04081545888218,-85.31818952847424,35.022040305530915,-85.3593401849059,POINT (-85.31818952847424 35.04081545888218),POINT (-85.3593401849059 35.022040305530915)
1,35.042961693690685,-85.31324222900508,35.03946669669302,-85.33815517379739,POINT (-85.31324222900508 35.042961693690685),POINT (-85.33815517379739 35.03946669669302)
16,35.043607874112155,-85.3237269964607,35.02783806855833,-85.30502694496181,POINT (-85.3237269964607 35.043607874112155),POINT (-85.30502694496181 35.02783806855833)
96,35.04308706493177,-85.31729630586099,35.06346040746934,-85.31732779727429,POINT (-85.31729630586099 35.04308706493177),POINT (-85.31732779727429 35.06346040746934)
95,35.04686333894404,-85.32080072227606,35.05046605483083,-85.30771017794962,POINT (-85.32080072227606 35.04686333894404),POINT (-85.30771017794962 35.05046605483083)
36,35.05157730335611,-85.32445580679378,35.00236321199532,-85.40805355548272,POINT (-85.32445580679378 35.05157730335611),POINT (-85.40805355548272 35.00236321199532)
60,35.044721696399634,-85.31755134006491,35.037250898253546,-85.34119627752288,POINT (-85.31755134006491 35.044721696399634),POINT (-85.34119627752288 35.037250898253546)
60,35.041525143468476,-85.32111565260004,35.04778564514976,-85.27980150443454,POINT (-85.32111565260004 35.041525143468476),POINT (-85.27980150443454 35.04778564514976)
32,35.0428414142597,-85.32186117028746,35.03475082522422,-85.27200409100278,POINT (-85.32186117028746 35.0428414142597),POINT (-85.27200409100278 35.03475082522422)
69,35.05136921385107,-85.30583069863168,35.06220067136691,-85.3192340456335,POINT (-85.30583069863168 35.05136921385107),POINT (-85.3192340456335 35.06220067136691)
7,35.042985091272016,-85.31790592229534,35.07496272803907,-85.38123565401514,POINT (-85.31790592229534 35.042985091272016),POINT (-85.38123565401514 35.07496272803907)
82,35.042407158266194,-85.3173087000133,35.04514697974386,-85.29990006463385,POINT (-85.3173087000133 35.042407158266194),POINT (-85.29990006463385 35.04514697974386)
45,35.04779991985836,-85.32192273294366,35.073587974118716,-85.3219942270991,POINT (-85.32192273294366 35.04779991985836),POINT (-85.3219942270991 35.073587974118716)
79,35.04524643219116,-85.31590051183578,35.012215789739756,-85.25553990976975,POINT (-85.31590051183578 35.04524643219116),POINT (-85.25553990976975 35.012215789739756)
26,35.05387282219104,-85.30842809888826,35.04885452366549,-85.32404145814549,POINT (-85.30842809888826 35.05387282219104),POINT (-85.32404145814549 35.04885452366549)
62,35.04416740961115,-85.31690793783417,35.00474995788481,-85.2842741728142,POINT (-85.31690793783417 35.04416740961115),POINT (-85.2842741728142 35.00474995788481)
10,35.043718551893555,-85.31433249060207,35.034153352229715,-85.28465606676752,POINT (-85.31433249060207 35.043718551893555),POINT (-85.28465606676752 35.034153352229715)
76,35.03769539942355,-85.31748573657538,35.05853246302935,-85.30183494465604,POINT (-85.31748573657538 35.03769539942355),POINT (-85.30183494465604 35.05853246302935)
77,35.0394665019013,-85.32000862388993,35.04029014841819,-85.33277026709214,POINT (-85.32000862388993 35.0394665019013),POINT (-85.33277026709214 35.04029014841819)
17,35.04737531397791,-85.31993099683966,35.025606130910795,-85.31762121705374,POINT (-85.31993099683966 35.04737531397791),POINT (-85.31762121705374 35.025606130910795)
34,35.0376047454945,-85.31236330658653,35.027028295291174,-85.29686783580051,POINT (-85.31236330658653 35.0376047454945),POINT (-85.29686783580051 35.027028295291174)
97,35.04437753569096,-85.31646560673977,35.03636596428616,-85.33207688654562,POINT (-85.31646560673977 35.04437753569096),POINT (-85.33207688654562 35.03636596428616)
77,35.043325115780064,-85.31912068242158,35.07059693536865,-85.28622232043328,POINT (-85.31912068242158 35.043325115780064),POINT (-85.28622232043328 35.07059693536865)
40,35.04275397114904,-85.31784548415779,35.034952927059614,-85.33424816784775,POINT (-85.31784548415779 35.04275397114904),POINT (-85.33424816784775 35.034952927059614)
95,35.04164415114402,-85.31221416459606,35.03006862680218,-85.31881410369729,POINT (-85.31221416459606 35.04164415114402),POINT (-85.31881410369729 35.03006862680218)
84,35.03893958557682,-85.31948154917947,35.04236856864105,-85.34867900457174,POINT (-85.31948154917947 35.03893958557682),POINT (-85.34867900457174 35.04236856864105)
58,35.04110885353207,-85.33191429645471,35.13400558476796,-85.4081620268639,POINT (-85.33191429645471 35.04110885353207),POINT (-85.4081620268639 35.13400558476796)
4,35.04538819541669,-85.32395852255553,35.06662214875127,-85.30258432181432,POINT (-85.32395852255553 35.04538819541669),POINT (-85.30258432181432 35.06662214875127)
87,35.03516270073668,-85.31793935799934,35.019355021618686,-85.3296617116856,POINT (-85.31793935799934 35.03516270073668),POINT (-85.3296617116856 35.019355021618686)
34,35.050904618811785,-85.31552112611564,35.04112897220238,-85.3117825262402,POINT (-85.31552112611564 35.050904618811785),POINT (-85.3117825262402 35.04112897220238)
95,35.04169464783829,-85.31639565140085,35.03885963334229,-85.26911977990116,POINT (-85.31639565140085 35.04169464783829),POINT (-85.26911977990116 35.03885963334229)
9,35.04508058120881,-85.31121018569488,35.041387010591386,-85.32258079736448,POINT (-85.31121018569488 35.04508058120881),POINT (-85.32258079736448 35.041387010591386)
36,35.03499074348942,-85.3236335245861,35.02320680846331,-85.33993537619043,POINT (-85.3236335245861 35.03499074348942),POINT (-85.33993537619043 35.02320680846331)
73,35.038432803971645,-85.32392322777947,35.003832192850616,-85.29344998016732,POINT (-85.32392322777947 35.038432803971645),POINT (-85.29344998016732 35.003832192850616)
13,35.04272069753554,-85.31508319237898,35.021867760005335,-85.32226354518053,POINT (-85.31508319237898 35.04272069753554),POINT (-85.32226354518053 35.021867760005335)
34,35.04662000159751,-85.32386590344233,35.05507448906721,-85.46580264823285,POINT (-85.32386590344233 35.04662000159751),POINT (-85.46580264823285 35.05507448906721)
14,35.04047539070163,-85.31507875667992,35.06039117560313,-85.29449636055847,POINT (-85.31507875667992 35.04047539070163),POINT (-85.29449636055847 35.06039117560313)
29,35.0448497203959,-85.31766205192234,35.03459047933694,-85.29688159948893,POINT (-85.31766205192234 35.0448497203959),POINT (-85.29688159948893 35.03459047933694)
4,35.03991489865931,-85.31653513637508,35.05178116639781,-85.33999865004888,POINT (-85.31653513637508 35.03991489865931),POINT (-85.33999865004888 35.05178116639781)
8,35.04731422505066,-85.3254725298379,35.03152033272239,-85.3517232367743,POINT (-85.3254725298379 35.04731422505066),POINT (-85.3517232367743 35.03152033272239)
31,35.04659184103601,-85.32370924478303,35.01974575357021,-85.30415904046517,POINT (-85.32370924478303 35.04659184103601),POINT (-85.30415904046517 35.01974575357021)
49,35.047031965585695,-85.30934005392916,35.04099356021527,-85.28227273136952,POINT (-85.30934005392916 35.047031965585695),POINT (-85.28227273136952 35.04099356021527)
85,35.034634276525566,-85.31132809373207,35.03455896245851,-85.3345991095521,POINT (-85.31132809373207 35.034634276525566),POINT (-85.3345991095521 35.03455896245851)
8,35.042000497942254,-85.31839690643692,35.034435462673855,-85.32700818871926,POINT (-85.31839690643692 35.042000497942254),POINT (-85.32700818871926 35.034435462673855)
86,35.03057398525127,-85.3224810996726,35.04499748131071,-85.32427048392454,POINT (-85.3224810996726 35.03057398525127),POINT (-85.32427048392454 35.04499748131071)
38,35.040840031810255,-85.31847315928631,35.01965993749331,-85.31894934924567,POINT (-85.31847315928631 35.040840031810255),POINT (-85.31894934924567 35.01965993749331)
97,35.04628063597606,-85.31311478123864,35.02738004215847,-85.33474422596342,POINT (-85.31311478123864 35.04628063597606),POINT (-85.33474422596342 35.02738004215847)
27,35.0361925056764,-85.3188650324709,34.99865547637876,-85.1789950286484,POINT (-85.3188650324709 35.0361925056764),POINT (-85.1789950286484 34.99865547637876)
3,35.05017464711283,-85.30726380651298,35.039592855722006,-85.28067494503227,POINT (-85.30726380651298 35.05017464711283),POINT (-85.28067494503227 35.039592855722006)
29,35.03841484981692,-85.32214073642392,35.09406866010804,-85.27983206226374,POINT (-85.32214073642392 35.03841484981692),POINT (-85.27983206226374 35.09406866010804)
83,35.03878252679865,-85.32731317769628,35.047810924306496,-85.3401569219019,POINT (-85.32731317769628 35.03878252679865),POINT (-85.3401569219019 35.047810924306496)
74,35.048226375304026,-85.31939427782905,35.03116748543025,-85.30198955688662,POINT (-85.31939427782905 35.048226375304026),POINT (-85.30198955688662 35.03116748543025)
63,35.044276112729264,-85.32311509611586,35.053134740554135,-85.31399583399316,POINT (-85.32311509611586 35.044276112729264),POINT (-85.31399583399316 35.053134740554135)
71,35.055726870600736,-85.31815870908416,35.040393955487794,-85.34012480286077,POINT (-85.31815870908416 35.055726870600736),POINT (-85.34012480286077 35.040393955487794)
55,35.049487624828,-85.32297704255436,35.05846229337687,-85.31816950533533,POINT (-85.32297704255436 35.049487624828),POINT (-85.31816950533533 35.05846229337687)
26,35.04381764774875,-85.31979834170997,35.03088275391116,-85.3444486630069,POINT (-85.31979834170997 35.04381764774875),POINT (-85.3444486630069 35.03088275391116)
66,35.0510527753113,-85.32651797122794,34.98768961428436,-85.3411444022856,POINT (-85.32651797122794 35.0510527753113),POINT (-85.3411444022856 34.98768961428436)
58,35.042530146570826,-85.3113357110618,35.04693350815104,-85.29017383873504,POINT (-85.3113357110618 35.042530146570826),POINT (-85.29017383873504 35.04693350815104)
47,35.039642978979685,-85.33016703637112,35.05664900791116,-85.33590909997913,POINT (-85.33016703637112 35.039642978979685),POINT (-85.33590909997913 35.05664900791116)
99,35.04281380700194,-85.3239114424563,35.04914391719005,-85.33489858829381,POINT (-85.3239114424563 35.04281380700194),POINT (-85.33489858829381 35.04914391719005)
21,35.04506285042436,-85.32349753364355,35.03281579101262,-85.4042117385862,POINT (-85.32349753364355 35.04506285042436),POINT (-85.4042117385862 35.03281579101262)
5,35.04505335598533,-85.31692913493148,35.068004886507985,-85.29678474434529,POINT (-85.31692913493148 35.04505335598533),POINT (-85.29678474434529 35.068004886507985)
29,35.04720115682629,-85.31497644950626,35.02428798570327,-85.37679835092096,POINT (-85.31497644950626 35.04720115682629),POINT (-85.37679835092096 35.02428798570327)
35,35.04606542089087,-85.32258192444328,35.05831613674661,-85.31595144405209,POINT (-85.32258192444328 35.04606542089087),POINT (-85.31595144405209 35.05831613674661)
28,35.05022039688407,-85.31256552567498,35.0526112439725,-85.28923691660069,POINT (-85.31256552567498 35.05022039688407),POINT (-85.28923691660069 35.0526112439725)
28,35.04746498746877,-85.31812509560352,35.044614298690256,-85.34995899638062,POINT (-85.31812509560352 35.04746498746877),POINT (-85.34995899638062 35.044614298690256)
1,35.045121159919205,-85.31086083801986,35.04854078396842,-85.33652614820608,POINT (-85.31086083801986 35.045121159919205),POINT (-85.33652614820608 35.04854078396842)
63,35.20423326639768,-85.160921643263,35.20211026313163,-85.14315700754983,POINT (-85.160921643263 35.20423326639768),POINT (-85.14315700754983 35.20211026313163)
43,35.204611319393535,-85.15220420061152,35.20067605292657,-85.1691143741039,POINT (-85.15220420061152 35.204611319393535),POINT (-85.1691143741039 35.20067605292657)
70,35.200868465787046,-85.15626261665777,35.19965180565113,-85.18179598265067,POINT (-85.15626261665777 35.200868465787046),POINT (-85.18179598265067 35.19965180565113)
3,35.20224890526755,-85.15568455736897,35.20727546738485,-85.13991997258631,POINT (-85.15568455736897 35.20224890526755),POINT (-85.13991997258631 35.20727546738485)
50,35.203418133689965,-85.15475669585508,35.20254599247814,-85.06993441097073,POINT (-85.15475669585508 35.203418133689965),POINT (-85.06993441097073 35.20254599247814)
40,35.20525065613033,-85.15977454511206,35.160067328265015,-85.16002538223998,POINT (-85.15977454511206 35.20525065613033),POINT (-85.16002538223998 35.160067328265015)
36,35.19498811733817,-85.1494963434015,35.17537114655875,-85.0933354898876,POINT (-85.1494963434015 35.19498811733817),POINT (-85.0933354898876 35.17537114655875)
70,35.202330251701966,-85.16816399750114,35.20125256101437,-85.18392651228444,POINT (-85.16816399750114 35.202330251701966),POINT (-85.18392651228444 35.20125256101437)
33,35.20387572127247,-85.14970744161832,35.18429157744823,-85.13117399485672,POINT (-85.14970744161832 35.20387572127247),POINT (-85.13117399485672 35.18429157744823)
17,35.19418334121784,-85.15485782331396,35.1973212847055,-85.31367085617435,POINT (-85.15485782331396 35.19418334121784),POINT (-85.31367085617435 35.1973212847055)
65,35.19338930870709,-85.1592131116971,35.18245103355101,-85.1603230345398,POINT (-85.1592131116971 35.19338930870709),POINT (-85.1603230345398 35.18245103355101)
8,35.20259112111398,-85.15931344608023,35.18627387475879,-85.17972053931908,POINT (-85.15931344608023 35.20259112111398),POINT (-85.17972053931908 35.18627387475879)
45,35.1997906110966,-85.1503758786499,35.188257603043645,-85.16364363450317,POINT (-85.1503758786499 35.1997906110966),POINT (-85.16364363450317 35.188257603043645)
4,35.20265801798384,-85.15162171676471,35.19030448070269,-85.1534577153505,POINT (-85.15162171676471 35.20265801798384),POINT (-85.1534577153505 35.19030448070269)
100,35.20722044905852,-85.15686622630015,35.14795474573641,-85.13803509769909,POINT (-85.15686622630015 35.20722044905852),POINT (-85.13803509769909 35.14795474573641)
17,35.196601763976744,-85.15753221620308,35.18927172267897,-85.12716122456068,POINT (-85.15753221620308 35.196601763976744),POINT (-85.12716122456068 35.18927172267897)
34,35.202673916813026,-85.15571054614806,35.19344247240253,-85.19485619639578,POINT (-85.15571054614806 35.202673916813026),POINT (-85.19485619639578 35.19344247240253)
9,35.19323933375161,-85.14306481268245,35.20674252634615,-85.16334633162579,POINT (-85.14306481268245 35.19323933375161),POINT (-85.16334633162579 35.20674252634615)
32,35.204441603252214,-85.15727693420567,35.21038700644361,-85.1924480435683,POINT (-85.15727693420567 35.204441603252214),POINT (-85.1924480435683 35.21038700644361)
23,35.21382583067031,-85.1577935740505,35.171325230980955,-85.11860111422418,POINT (-85.1577935740505 35.21382583067031),POINT (-85.11860111422418 35.171325230980955)
18,35.20491390961123,-85.15376835397045,35.18665668334042,-85.13295463958887,POINT (-85.15376835397045 35.20491390961123),POINT (-85.13295463958887 35.18665668334042)
61,35.196321965260516,-85.14868484288287,35.184818260028145,-85.14044171736555,POINT (-85.14868484288287 35.196321965260516),POINT (-85.14044171736555 35.184818260028145)
47,35.20497338337347,-85.15407794443568,35.216380453348435,-85.16498089396966,POINT (-85.15407794443568 35.20497338337347),POINT (-85.16498089396966 35.216380453348435)
41,35.19620258233437,-85.15105432742297,35.043717950715006,-85.22911611570946,POINT (-85.15105432742297 35.19620258233437),POINT (-85.22911611570946 35.043717950715006)
30,35.20252027894418,-85.15150513285106,35.174953812519846,-85.14605269924417,POINT (-85.15150513285106 35.20252027894418),POINT (-85.14605269924417 35.174953812519846)
51,35.20367203528751,-85.15647427174083,35.1552673378793,-85.11801706672733,POINT (-85.15647427174083 35.20367203528751),POINT (-85.11801706672733 35.1552673378793)
61,35.20596270010934,-85.15962272340273,35.0447160282995,-85.14325504267931,POINT (-85.15962272340273 35.20596270010934),POINT (-85.14325504267931 35.0447160282995)
94,35.20514467777038,-85.1521831326093,35.21835754018105,-85.14849441182874,POINT (-85.1521831326093 35.20514467777038),POINT (-85.14849441182874 35.21835754018105)
13,35.19912421739828,-85.15077569814845,35.230031688661875,-85.16543578582996,POINT (-85.15077569814845 35.19912421739828),POINT (-85.16543578582996 35.230031688661875)
72,35.20005702048525,-85.16259519189605,35.185089432793916,-85.16202284956681,POINT (-85.16259519189605 35.20005702048525),POINT (-85.16202284956681 35.185089432793916)
40,35.203642150926854,-85.15436069487774,35.244117006457266,-85.21151944218948,POINT (-85.15436069487774 35.203642150926854),POINT (-85.21151944218948 35.244117006457266)
80,35.19795916266148,-85.15569204369173,35.219908194177016,-85.18942498562072,POINT (-85.15569204369173 35.19795916266148),POINT (-85.18942498562072 35.219908194177016)
79,35.20279508748076,-85.15901066877692,35.19241039059454,-85.13927928645074,POINT (-85.15901066877692 35.20279508748076),POINT (-85.13927928645074 35.19241039059454)
24,35.2043136470092,-85.17063024792623,35.191792754650415,-85.16438682167444,POINT (-85.17063024792623 35.2043136470092),POINT (-85.16438682167444 35.191792754650415)
54,35.20195610182724,-85.15358193053254,35.23932468264703,-85.25959215395955,POINT (-85.15358193053254 35.20195610182724),POINT (-85.25959215395955 35.23932468264703)
96,35.19702705713993,-85.14954898356913,35.19880324536822,-85.16412231488218,POINT (-85.14954898356913 35.19702705713993),POINT (-85.16412231488218 35.19880324536822)
74,35.19700592140134,-85.16827741485669,35.20593809796054,-85.1603882173736,POINT (-85.16827741485669 35.19700592140134),POINT (-85.1603882173736 35.20593809796054)
21,35.204100628867565,-85.15252461035669,35.19794082440477,-85.20394756157742,POINT (-85.15252461035669 35.204100628867565),POINT (-85.20394756157742 35.19794082440477)
47,35.19624601644816,-85.15584083524229,35.220485850248295,-85.14615916979412,POINT (-85.15584083524229 35.19624601644816),POINT (-85.14615916979412 35.220485850248295)
79,35.19940862947948,-85.14539017378387,35.21701122939317,-85.15843996648289,POINT (-85.14539017378387 35.19940862947948),POINT (-85.15843996648289 35.21701122939317)
84,35.19961652759798,-85.15597524039183,35.26077531514414,-85.00996554440154,POINT (-85.15597524039183 35.19961652759798),POINT (-85.00996554440154 35.26077531514414)
55,35.20481205883079,-85.15563961919129,35.2249276914814,-85.15665893040637,POINT (-85.15563961919129 35.20481205883079),POINT (-85.15665893040637 35.2249276914814)
96,35.2042680112676,-85.15526392771598,35.19924080454615,-85.18716149386758,POINT (-85.15526392771598 35.2042680112676),POINT (-85.18716149386758 35.19924080454615)
20,35.20351068255193,-85.14653005415664,35.198625354189545,-85.20584761565675,POINT (-85.14653005415664 35.20351068255193),POINT (-85.20584761565675 35.198625354189545)
26,35.20093413972768,-85.1513035941675,35.21350060858101,-85.16319554387962,POINT (-85.1513035941675 35.20093413972768),POINT (-85.16319554387962 35.21350060858101)
67,35.2084051963121,-85.14585197600003,35.20524743489552,-85.09223821557664,POINT (-85.14585197600003 35.2084051963121),POINT (-85.09223821557664 35.20524743489552)
3,35.194472675918355,-85.14952100578938,35.16911024505485,-85.14301571933198,POINT (-85.14952100578938 35.194472675918355),POINT (-85.14301571933198 35.16911024505485)
56,35.20257148289777,-85.1586009543165,35.1652597826447,-85.22855450478941,POINT (-85.1586009543165 35.20257148289777),POINT (-85.22855450478941 35.1652597826447)
69,35.20294027990764,-85.15650299290031,35.20440810632642,-85.17168026084767,POINT (-85.15650299290031 35.20294027990764),POINT (-85.17168026084767 35.20440810632642)
92,35.210300886128785,-85.15884289345661,35.22061273260448,-85.19064179190137,POINT (-85.15884289345661 35.210300886128785),POINT (-85.19064179190137 35.22061273260448)
84,35.20809138646951,-85.15480519991388,35.20555804296799,-85.11879555499182,POINT (-85.15480519991388 35.20809138646951),POINT (-85.11879555499182 35.20555804296799)
28,35.21027927506523,-85.15000997947173,35.20429932457697,-85.15885546161142,POINT (-85.15000997947173 35.21027927506523),POINT (-85.15885546161142 35.20429932457697)
43,35.20474857505819,-85.14533183676274,35.205358443761305,-85.19003276628426,POINT (-85.14533183676274 35.20474857505819),POINT (-85.19003276628426 35.205358443761305)
60,35.20189015080427,-85.15453216167377,35.17710429263383,-85.16524622646612,POINT (-85.15453216167377 35.20189015080427),POINT (-85.16524622646612 35.17710429263383)
7,35.20001258427751,-85.16076378955606,35.276497847917696,-85.02560258890479,POINT (-85.16076378955606 35.20001258427751),POINT (-85.02560258890479 35.276497847917696)
81,35.19740875806298,-85.14442647644788,35.15346127978099,-85.15048236463534,POINT (-85.14442647644788 35.19740875806298),POINT (-85.15048236463534 35.15346127978099)
72,35.205673846675644,-85.15321982942622,35.239787922592505,-85.12803607336505,POINT (-85.15321982942622 35.205673846675644),POINT (-85.12803607336505 35.239787922592505)
15,35.199721515589395,-85.15516123876394,35.185715689046916,-85.1400927169303,POINT (-85.15516123876394 35.199721515589395),POINT (-85.1400927169303 35.185715689046916)
70,35.20127779049003,-85.15350570179744,35.193526449050886,-85.13456609492547,POINT (-85.15350570179744 35.20127779049003),POINT (-85.13456609492547 35.193526449050886)
53,35.20308143407822,-85.15762502018438,35.22758615106521,-85.14892539444287,POINT (-85.15762502018438 35.20308143407822),POINT (-85.14892539444287 35.22758615106521)
3,35.19930691241239,-85.16845931299973,35.19908238153905,-85.19939102365616,POINT (-85.16845931299973 35.19930691241239),POINT (-85.19939102365616 35.19908238153905)
13,35.20292570326257,-85.15429999887519,35.22533069834201,-85.14062817091947,POINT (-85.15429999887519 35.20292570326257),POINT (-85.14062817091947 35.22533069834201)
24,35.199397038596494,-85.15979259447916,35.21571163353883,-85.16892949530416,POINT (-85.15979259447916 35.199397038596494),POINT (-85.16892949530416 35.21571163353883)
79,35.19540549925458,-85.15992006363388,35.217351405246305,-85.24342984002357,POINT (-85.15992006363388 35.19540549925458),POINT (-85.24342984002357 35.217351405246305)
19,35.20305968019579,-85.15104396372863,35.22298419020516,-85.16296490330666,POINT (-85.15104396372863 35.20305968019579),POINT (-85.16296490330666 35.22298419020516)
17,35.20485813041997,-85.16059960841078,35.197448716680505,-85.17143266599852,POINT (-85.16059960841078 35.20485813041997),POINT (-85.17143266599852 35.197448716680505)
66,35.20147350888559,-85.15731681290336,35.21843945941187,-85.15931085320484,POINT (-85.15731681290336 35.20147350888559),POINT (-85.15931085320484 35.21843945941187)
65,35.20328980011547,-85.15850330359171,35.21245087734415,-85.15987314980825,POINT (-85.15850330359171 35.20328980011547),POINT (-85.15987314980825 35.21245087734415)
39,35.19768394330931,-85.14908878939293,35.21570734597575,-85.1530231656231,POINT (-85.14908878939293 35.19768394330931),POINT (-85.1530231656231 35.21570734597575)
30,35.19668013630973,-85.14553016805466,35.14251143194822,-85.19973409085941,POINT (-85.14553016805466 35.19668013630973),POINT (-85.19973409085941 35.14251143194822)
70,35.20184416699877,-85.16462817805464,35.1613349522523,-85.1008946117057,POINT (-85.16462817805464 35.20184416699877),POINT (-85.1008946117057 35.1613349522523)
84,35.20223407627043,-85.15419924794419,35.205384655145096,-85.12840878115321,POINT (-85.15419924794419 35.20223407627043),POINT (-85.12840878115321 35.205384655145096)
38,35.2018599666675,-85.15434230222954,35.21396906566536,-85.13261177822537,POINT (-85.15434230222954 35.2018599666675),POINT (-85.13261177822537 35.21396906566536)
92,35.198451775283495,-85.14954126175925,35.17980560212258,-85.15808363898553,POINT (-85.14954126175925 35.198451775283495),POINT (-85.15808363898553 35.17980560212258)
12,35.20335205937264,-85.1557964001716,35.1979058789589,-85.1294808092127,POINT (-85.1557964001716 35.20335205937264),POINT (-85.1294808092127 35.1979058789589)
23,35.200823805653336,-85.15341778705027,35.206597082280815,-85.17053384421173,POINT (-85.15341778705027 35.200823805653336),POINT (-85.17053384421173 35.206597082280815)
26,35.20298491490203,-85.1547248483556,35.19790508094093,-85.14087988913704,POINT (-85.1547248483556 35.20298491490203),POINT (-85.14087988913704 35.19790508094093)
82,35.20175390499238,-85.15510363292657,35.24045619691879,-85.08794461813703,POINT (-85.15510363292657 35.20175390499238),POINT (-85.08794461813703 35.24045619691879)
62,35.19596345819762,-85.14918108466031,35.20499135854971,-85.16573591499403,POINT (-85.14918108466031 35.19596345819762),POINT (-85.16573591499403 35.20499135854971)
50,35.20256577319879,-85.15920023784362,35.199603789441284,-85.14793777616266,POINT (-85.15920023784362 35.20256577319879),POINT (-85.14793777616266 35.199603789441284)
12,35.19712769699553,-85.16108855269886,35.23462331166727,-85.1412186799151,POINT (-85.16108855269886 35.19712769699553),POINT (-85.1412186799151 35.23462331166727)
88,35.19555987262236,-85.15001583233156,35.12907020865134,-85.12793040959905,POINT (-85.15001583233156 35.19555987262236),POINT (-85.12793040959905 35.12907020865134)
60,35.199139500290286,-85.15964659829861,35.189481690092535,-85.12939655591228,POINT (-85.15964659829861 35.199139500290286),POINT (-85.12939655591228 35.189481690092535)
22,35.20752729043132,-85.14765107371797,35.18732960192558,-85.16350155681867,POINT (-85.14765107371797 35.20752729043132),POINT (-85.16350155681867 35.18732960192558)
1,35.2027519837593,-85.15450441746134,35.2100497081404,-85.1453006457454,POINT (-85.15450441746134 35.2027519837593),POINT (-85.1453006457454 35.2100497081404)
59,35.19957635162418,-85.15885733200459,35.20038141854997,-85.17201005856691,POINT (-85.15885733200459 35.19957635162418),POINT (-85.17201005856691 35.20038141854997)
13,35.204203502643196,-85.15464865266328,35.10032635618288,-85.213918291554,POINT (-85.15464865266328 35.204203502643196),POINT (-85.213918291554 35.10032635618288)
24,35.20358474498656,-85.15955465939321,35.230007019298974,-85.16510067608682,POINT (-85.15955465939321 35.20358474498656),POINT (-85.16510067608682 35.230007019298974)
16,35.207389397360174,-85.16252480604975,35.189853141045255,-85.2005436503345,POINT (-85.16252480604975 35.207389397360174),POINT (-85.2005436503345 35.189853141045255)
92,35.19476931543928,-85.16757038968325,35.20579959455515,-85.14856001776133,POINT (-85.16757038968325 35.19476931543928),POINT (-85.14856001776133 35.20579959455515)
88,35.19696371765287,-85.1511922134297,35.205378169324455,-85.11986432173425,POINT (-85.1511922134297 35.19696371765287),POINT (-85.11986432173425 35.205378169324455)
39,35.20402985413434,-85.1555851414832,35.26511114584457,-85.11409313394705,POINT (-85.1555851414832 35.20402985413434),POINT (-85.11409313394705 35.26511114584457)
40,35.201534592488365,-85.15958369929285,35.24504837452188,-85.20228475963494,POINT (-85.15958369929285 35.201534592488365),POINT (-85.20228475963494 35.24504837452188)
76,35.19834572816734,-85.15129864850996,35.19758377074825,-85.13388243626225,POINT (-85.15129864850996 35.19834572816734),POINT (-85.13388243626225 35.19758377074825)
26,35.20278259423527,-85.15961341381525,35.2405141995553,-85.14605500546762,POINT (-85.15961341381525 35.20278259423527),POINT (-85.14605500546762 35.2405141995553)
81,35.20405068196893,-85.15328513156568,35.23197415733163,-85.14528884429261,POINT (-85.15328513156568 35.20405068196893),POINT (-85.14528884429261 35.23197415733163)
84,35.197336017419175,-85.15331222239081,35.16072789617249,-85.00310681677026,POINT (-85.15331222239081 35.197336017419175),POINT (-85.00310681677026 35.16072789617249)
79,35.20583855641007,-85.16568202802563,35.18977785456348,-85.15143664496192,POINT (-85.16568202802563 35.20583855641007),POINT (-85.15143664496192 35.18977785456348)
31,35.21224723146131,-85.15301271872585,35.15537065021246,-85.13974919898068,POINT (-85.15301271872585 35.21224723146131),POINT (-85.13974919898068 35.15537065021246)
97,35.21255154313406,-85.16570917896854,35.19497295577109,-85.14842871552032,POINT (-85.16570917896854 35.21255154313406),POINT (-85.14842871552032 35.19497295577109)
41,34.98826204220427,-85.11914844193234,34.94302975387322,-85.16973954246073,POINT (-85.11914844193234 34.98826204220427),POINT (-85.16973954246073 34.94302975387322)
51,34.99747600275573,-85.1125844122684,34.979874822516045,-85.10844901478933,POINT (-85.1125844122684 34.99747600275573),POINT (-85.10844901478933 34.979874822516045)
75,34.99729863987664,-85.10928638462725,34.98204893158915,-85.15481999955799,POINT (-85.10928638462725 34.99729863987664),POINT (-85.15481999955799 34.98204893158915)
60,34.991819010285006,-85.12380538977428,34.9896077525669,-85.15038417964583,POINT (-85.12380538977428 34.991819010285006),POINT (-85.15038417964583 34.9896077525669)
45,35.003031616027314,-85.1335780987564,35.01161423402015,-85.14197529378477,POINT (-85.1335780987564 35.003031616027314),POINT (-85.14197529378477 35.01161423402015)
30,34.9943292259414,-85.11894889412048,35.019168073399825,-85.11717879533278,POINT (-85.11894889412048 34.9943292259414),POINT (-85.11717879533278 35.019168073399825)
42,34.99186800412868,-85.11856756746471,34.98284527638282,-85.09411212469402,POINT (-85.11856756746471 34.99186800412868),POINT (-85.09411212469402 34.98284527638282)
7,34.99212137805225,-85.1210640072714,34.97801675004723,-85.14024343785506,POINT (-85.1210640072714 34.99212137805225),POINT (-85.14024343785506 34.97801675004723)
68,34.98390334369448,-85.10932294045026,34.984321368664595,-85.0935805413211,POINT (-85.10932294045026 34.98390334369448),POINT (-85.0935805413211 34.984321368664595)
12,34.99237922869911,-85.11471337478321,34.98185762700315,-85.10892575669764,POINT (-85.11471337478321 34.99237922869911),POINT (-85.10892575669764 34.98185762700315)
84,34.987294967198494,-85.11784065666498,35.01008288448923,-85.12501552437458,POINT (-85.11784065666498 34.987294967198494),POINT (-85.12501552437458 35.01008288448923)
71,34.99304119690503,-85.11913715825345,35.0011524425768,-85.13369502519735,POINT (-85.11913715825345 34.99304119690503),POINT (-85.13369502519735 35.0011524425768)
98,34.98664407213567,-85.11128649038632,35.020868032288455,-85.13434327257534,POINT (-85.11128649038632 34.98664407213567),POINT (-85.13434327257534 35.020868032288455)
98,34.99915797109556,-85.10732009547444,34.988237510198005,-85.1272403130536,POINT (-85.10732009547444 34.99915797109556),POINT (-85.1272403130536 34.988237510198005)
18,34.995551624383516,-85.11986882844107,35.13939954272712,-85.15042016194195,POINT (-85.11986882844107 34.995551624383516),POINT (-85.15042016194195 35.13939954272712)
83,34.99118051976553,-85.12169312529748,35.01274483331177,-85.10802643196065,POINT (-85.12169312529748 34.99118051976553),POINT (-85.10802643196065 35.01274483331177)
59,34.99953576685122,-85.11511150455429,34.972908970665316,-85.11749241995741,POINT (-85.11511150455429 34.99953576685122),POINT (-85.11749241995741 34.972908970665316)
71,34.98675505573759,-85.11548881788187,34.99309526397964,-85.13255289020029,POINT (-85.11548881788187 34.98675505573759),POINT (-85.13255289020029 34.99309526397964)
4,34.991434893400914,-85.12113830512025,34.97292611911604,-85.06661820262788,POINT (-85.12113830512025 34.991434893400914),POINT (-85.06661820262788 34.97292611911604)
17,34.988763018976556,-85.12375478814066,34.98917218714628,-85.08226220514896,POINT (-85.12375478814066 34.988763018976556),POINT (-85.08226220514896 34.98917218714628)
60,34.989415178375005,-85.12596130223149,34.9726272782426,-85.10764373100507,POINT (-85.12596130223149 34.989415178375005),POINT (-85.10764373100507 34.9726272782426)
25,34.9933158122749,-85.12202982274198,34.99564919877667,-85.10767164855042,POINT (-85.12202982274198 34.9933158122749),POINT (-85.10767164855042 34.99564919877667)
62,34.992506306519864,-85.12057693341468,34.98540289528531,-85.09119107901718,POINT (-85.12057693341468 34.992506306519864),POINT (-85.09119107901718 34.98540289528531)
79,34.99457984237652,-85.11602531298188,35.01280005250726,-85.15465603432413,POINT (-85.11602531298188 34.99457984237652),POINT (-85.15465603432413 35.01280005250726)
4,35.00387488483594,-85.11088114073219,35.00233958004125,-85.0998670852641,POINT (-85.11088114073219 35.00387488483594),POINT (-85.0998670852641 35.00233958004125)
26,34.988235399395826,-85.12708059127283,34.99640107036438,-85.13203309378602,POINT (-85.12708059127283 34.988235399395826),POINT (-85.13203309378602 34.99640107036438)
92,34.995140159200965,-85.1225110714987,34.98762756470245,-85.13678771547248,POINT (-85.1225110714987 34.995140159200965),POINT (-85.13678771547248 34.98762756470245)
1,34.98548732013252,-85.11519549057343,35.04620881587203,-85.07754236236335,POINT (-85.11519549057343 34.98548732013252),POINT (-85.07754236236335 35.04620881587203)
33,34.99249359675964,-85.12081148977461,35.001491738302136,-85.13433342324603,POINT (-85.12081148977461 34.99249359675964),POINT (-85.13433342324603 35.001491738302136)
60,34.98902019409447,-85.11443763028083,34.956540819911226,-85.03849197973605,POINT (-85.11443763028083 34.98902019409447),POINT (-85.03849197973605 34.956540819911226)
85,34.997877858229344,-85.12825801758164,35.012482882987534,-85.11224636639383,POINT (-85.12825801758164 34.997877858229344),POINT (-85.11224636639383 35.012482882987534)
1,34.99861884087942,-85.11639130038795,35.019522065525784,-85.11512517726979,POINT (-85.11639130038795 34.99861884087942),POINT (-85.11512517726979 35.019522065525784)
57,34.990593154738065,-85.1136437334542,35.00282047130656,-85.0879970792715,POINT (-85.1136437334542 34.990593154738065),POINT (-85.0879970792715 35.00282047130656)
84,34.99010251054983,-85.11725748889114,35.00426109817247,-85.05840897310884,POINT (-85.11725748889114 34.99010251054983),POINT (-85.05840897310884 35.00426109817247)
26,34.9930625583161,-85.11874074559995,35.01355733079458,-85.11172366555061,POINT (-85.11874074559995 34.9930625583161),POINT (-85.11172366555061 35.01355733079458)
43,34.998376848817095,-85.12556222336448,34.99891971456875,-85.14589456167809,POINT (-85.12556222336448 34.998376848817095),POINT (-85.14589456167809 34.99891971456875)
28,34.9914527520865,-85.11648285883912,34.98466307505469,-85.09610802099283,POINT (-85.11648285883912 34.9914527520865),POINT (-85.09610802099283 34.98466307505469)
82,34.98421579933409,-85.12817141178601,34.9836428952531,-85.11279971570956,POINT (-85.12817141178601 34.98421579933409),POINT (-85.11279971570956 34.9836428952531)
100,34.99749153502477,-85.127273690398,34.985403312355274,-85.14630343027046,POINT (-85.127273690398 34.99749153502477),POINT (-85.14630343027046 34.985403312355274)
60,35.00442098679771,-85.12178715030815,35.037407389416224,-85.08604193923235,POINT (-85.12178715030815 35.00442098679771),POINT (-85.08604193923235 35.037407389416224)
38,34.99875697252343,-85.12944627843059,35.01224887961856,-85.13200361823587,POINT (-85.12944627843059 34.99875697252343),POINT (-85.13200361823587 35.01224887961856)
25,34.990755963191845,-85.12219489693635,34.98878789999408,-85.1076181488824,POINT (-85.12219489693635 34.990755963191845),POINT (-85.1076181488824 34.98878789999408)
18,34.998486642502705,-85.11329478914041,34.9913298542073,-85.12091039997694,POINT (-85.11329478914041 34.998486642502705),POINT (-85.12091039997694 34.9913298542073)
95,34.99477742021794,-85.11766850345148,34.927167005618024,-85.09317846290328,POINT (-85.11766850345148 34.99477742021794),POINT (-85.09317846290328 34.927167005618024)
34,34.99378891477971,-85.1188137069326,34.99170375412405,-85.06884056113817,POINT (-85.1188137069326 34.99378891477971),POINT (-85.06884056113817 34.99170375412405)
32,34.99501266857294,-85.11518751564928,34.98836918764994,-85.13150154344841,POINT (-85.11518751564928 34.99501266857294),POINT (-85.13150154344841 34.98836918764994)
28,34.993592698625854,-85.12220205124613,34.973874130810806,-85.12286397870145,POINT (-85.12220205124613 34.993592698625854),POINT (-85.12286397870145 34.973874130810806)
10,34.9901462130887,-85.10899241738797,34.978513351111644,-85.12321334064845,POINT (-85.10899241738797 34.9901462130887),POINT (-85.12321334064845 34.978513351111644)
99,34.99456529916286,-85.12259727179062,34.97624149820461,-85.14615063569887,POINT (-85.12259727179062 34.99456529916286),POINT (-85.14615063569887 34.97624149820461)
2,34.99353924323575,-85.11927002284509,35.006681773828575,-85.1294095392339,POINT (-85.11927002284509 34.99353924323575),POINT (-85.1294095392339 35.006681773828575)
31,34.989164844717784,-85.12009205143173,34.97465281820611,-85.10235257599889,POINT (-85.12009205143173 34.989164844717784),POINT (-85.10235257599889 34.97465281820611)
19,34.992411040554344,-85.12197163695662,35.00981277892733,-85.12516085945082,POINT (-85.12197163695662 34.992411040554344),POINT (-85.12516085945082 35.00981277892733)
72,34.98646834301776,-85.1211375329591,35.002576694977925,-85.09929077950004,POINT (-85.1211375329591 34.98646834301776),POINT (-85.09929077950004 35.002576694977925)
97,34.981725497726416,-85.12933810367548,34.97928248566733,-85.10781849483251,POINT (-85.12933810367548 34.981725497726416),POINT (-85.10781849483251 34.97928248566733)
9,34.98876500337265,-85.12743912589548,35.0091611361731,-85.19998975131979,POINT (-85.12743912589548 34.98876500337265),POINT (-85.19998975131979 35.0091611361731)
34,34.99396007480763,-85.12016099428192,34.9924225797859,-85.15635624484119,POINT (-85.12016099428192 34.99396007480763),POINT (-85.15635624484119 34.9924225797859)
73,34.991193760415086,-85.1127896188851,35.00310152763734,-85.0846440389372,POINT (-85.1127896188851 34.991193760415086),POINT (-85.0846440389372 35.00310152763734)
86,34.98520074579557,-85.11370433391569,34.99648291579358,-85.09207653540632,POINT (-85.11370433391569 34.98520074579557),POINT (-85.09207653540632 34.99648291579358)
78,34.993524600888826,-85.11847144631622,34.970694050380196,-85.14568907304344,POINT (-85.11847144631622 34.993524600888826),POINT (-85.14568907304344 34.970694050380196)
29,34.992431018568574,-85.11982809776677,34.94535335588216,-84.9691111187198,POINT (-85.11982809776677 34.992431018568574),POINT (-84.9691111187198 34.94535335588216)
93,34.983037708243025,-85.12994877740397,34.941827879453605,-85.10985903095295,POINT (-85.12994877740397 34.983037708243025),POINT (-85.10985903095295 34.941827879453605)
90,34.99240099013555,-85.11796202200394,34.99696529596904,-85.12752695459834,POINT (-85.11796202200394 34.99240099013555),POINT (-85.12752695459834 34.99696529596904)
57,35.003897916888135,-85.13340297178783,34.89877538896367,-85.01997198148523,POINT (-85.13340297178783 35.003897916888135),POINT (-85.01997198148523 34.89877538896367)
16,34.989689576312024,-85.11584602121331,34.96823148528388,-85.10838748948863,POINT (-85.11584602121331 34.989689576312024),POINT (-85.10838748948863 34.96823148528388)
41,34.98558713827622,-85.12461561442288,34.989353949093164,-85.17413411923344,POINT (-85.12461561442288 34.98558713827622),POINT (-85.17413411923344 34.989353949093164)
79,34.99358642117095,-85.11740698090172,35.029462883086346,-85.14168207956011,POINT (-85.11740698090172 34.99358642117095),POINT (-85.14168207956011 35.029462883086346)
21,34.99245733649746,-85.11646584444908,34.99286280683282,-85.1411067204556,POINT (-85.11646584444908 34.99245733649746),POINT (-85.1411067204556 34.99286280683282)
38,34.99002210030264,-85.11713259388996,35.03152366761984,-85.17720688097378,POINT (-85.11713259388996 34.99002210030264),POINT (-85.17720688097378 35.03152366761984)
57,34.98514505359131,-85.11099825501053,34.99220390032496,-85.09979954434306,POINT (-85.11099825501053 34.98514505359131),POINT (-85.09979954434306 34.99220390032496)
58,34.98727646393409,-85.12845986933425,35.003433184632435,-85.12535269011849,POINT (-85.12845986933425 34.98727646393409),POINT (-85.12535269011849 35.003433184632435)
20,35.00124873300091,-85.1110903728666,35.016564779443996,-85.1126813863843,POINT (-85.1110903728666 35.00124873300091),POINT (-85.1126813863843 35.016564779443996)
63,34.99340896746739,-85.11190977487297,34.91005924773636,-85.11326128563059,POINT (-85.11190977487297 34.99340896746739),POINT (-85.11326128563059 34.91005924773636)
43,34.99630394037883,-85.11550572152379,35.02751636208639,-85.18333645152849,POINT (-85.11550572152379 34.99630394037883),POINT (-85.18333645152849 35.02751636208639)
41,35.00212172815418,-85.11923302596738,34.968491986112575,-85.18171606984984,POINT (-85.11923302596738 35.00212172815418),POINT (-85.18171606984984 34.968491986112575)
20,34.996420761641446,-85.12798828718849,34.985706716516994,-85.13013745630695,POINT (-85.12798828718849 34.996420761641446),POINT (-85.13013745630695 34.985706716516994)
60,34.994024573230014,-85.12017808411842,34.98905312225526,-85.09511164697214,POINT (-85.12017808411842 34.994024573230014),POINT (-85.09511164697214 34.98905312225526)
76,34.9851492938506,-85.1134065032176,34.99900934909109,-85.12196946326864,POINT (-85.1134065032176 34.9851492938506),POINT (-85.12196946326864 34.99900934909109)
74,34.99387015596741,-85.1233974041987,34.82473119783732,-85.16685582113355,POINT (-85.1233974041987 34.99387015596741),POINT (-85.16685582113355 34.82473119783732)
43,34.99992622591007,-85.119460673452,34.97775460473238,-85.13610136861107,POINT (-85.119460673452 34.99992622591007),POINT (-85.13610136861107 34.97775460473238)
57,34.99551021860615,-85.11701058636076,34.95143382452328,-85.18508474652535,POINT (-85.11701058636076 34.99551021860615),POINT (-85.18508474652535 34.95143382452328)
36,34.994017975113614,-85.12047095677639,35.00204980635358,-85.10718288183831,POINT (-85.12047095677639 34.994017975113614),POINT (-85.10718288183831 35.00204980635358)
18,34.99317992715133,-85.12068651612672,35.009144287314,-85.13679927237239,POINT (-85.12068651612672 34.99317992715133),POINT (-85.13679927237239 35.009144287314)
70,34.989778011873376,-85.11536962909928,34.97986366587222,-85.02877294481904,POINT (-85.11536962909928 34.989778011873376),POINT (-85.02877294481904 34.97986366587222)
53,34.98895125944418,-85.1193185451271,35.002495559004146,-85.12827356806598,POINT (-85.1193185451271 34.98895125944418),POINT (-85.12827356806598 35.002495559004146)
71,34.993411164058834,-85.11649027733789,35.001049073968375,-85.0967542853325,POINT (-85.11649027733789 34.993411164058834),POINT (-85.0967542853325 35.001049073968375)
88,34.99527990787407,-85.11647422361132,34.9934558291436,-85.14371477579574,POINT (-85.11647422361132 34.99527990787407),POINT (-85.14371477579574 34.9934558291436)
46,34.985089161851164,-85.11219598467558,34.97310256518405,-85.09590344591258,POINT (-85.11219598467558 34.985089161851164),POINT (-85.09590344591258 34.97310256518405)
67,34.998039465870505,-85.1161196119501,34.99799620816707,-85.12900025928823,POINT (-85.1161196119501 34.998039465870505),POINT (-85.12900025928823 34.99799620816707)
43,34.99588346535015,-85.12126223045131,35.00230864862813,-85.18922214931753,POINT (-85.12126223045131 34.99588346535015),POINT (-85.18922214931753 35.00230864862813)
85,34.99274626579472,-85.1173209476761,34.964577910792265,-85.14253296832862,POINT (-85.1173209476761 34.99274626579472),POINT (-85.14253296832862 34.964577910792265)
97,35.00216564843026,-85.11247844155609,34.984231097886564,-85.13488552467223,POINT (-85.11247844155609 35.00216564843026),POINT (-85.13488552467223 34.984231097886564)
12,34.99177035925108,-85.12505376040907,34.99095952165238,-85.13799005878806,POINT (-85.12505376040907 34.99177035925108),POINT (-85.13799005878806 34.99095952165238)
6,34.992781453946016,-85.11543575867613,35.00091399713346,-85.10447342879262,POINT (-85.11543575867613 34.992781453946016),POINT (-85.10447342879262 35.00091399713346)
18,34.99266236965926,-85.1162893159169,34.95478356735404,-85.10376210590478,POINT (-85.1162893159169 34.99266236965926),POINT (-85.10376210590478 34.95478356735404)
85,34.99702498651663,-85.11852238291223,34.99775024009283,-85.14857423611817,POINT (-85.11852238291223 34.99702498651663),POINT (-85.14857423611817 34.99775024009283)
35,34.99603943042502,-85.12141394965033,35.00677615487465,-85.10671172736313,POINT (-85.12141394965033 34.99603943042502),POINT (-85.10671172736313 35.00677615487465)
48,34.99538465610853,-85.12326619133785,34.99888460164142,-85.11158196096304,POINT (-85.12326619133785 34.99538465610853),POINT (-85.11158196096304 34.99888460164142)
2,34.98533587069474,-85.11231731706935,34.91971370483844,-85.25665427001915,POINT (-85.11231731706935 34.98533587069474),POINT (-85.25665427001915 34.91971370483844)
64,34.9943655755887,-85.11864024595704,34.973629970479585,-85.14612179467984,POINT (-85.11864024595704 34.9943655755887),POINT (-85.14612179467984 34.973629970479585)
85,34.99489577836044,-85.12018440475411,34.99958108428868,-85.10526458205892,POINT (-85.12018440475411 34.99489577836044),POINT (-85.10526458205892 34.99958108428868)
77,35.153387102901114,-85.17935653878071,35.13961664887225,-85.15498780677741,POINT (-85.17935653878071 35.153387102901114),POINT (-85.15498780677741 35.13961664887225)
68,35.15506513701922,-85.17946291311448,35.18159384629314,-85.18343812616898,POINT (-85.17946291311448 35.15506513701922),POINT (-85.18343812616898 35.18159384629314)
80,35.15080793901935,-85.18168621195957,35.16210538129462,-85.18271714507557,POINT (-85.18168621195957 35.15080793901935),POINT (-85.18271714507557 35.16210538129462)
52,35.150339638461574,-85.1845478837389,35.05303972984563,-85.05383285360995,POINT (-85.1845478837389 35.150339638461574),POINT (-85.05383285360995 35.05303972984563)
80,35.15509611220695,-85.1875669853988,35.13157055431237,-85.18142022537043,POINT (-85.1875669853988 35.15509611220695),POINT (-85.18142022537043 35.13157055431237)
79,35.14772420675343,-85.17905138635426,35.20534307067813,-85.21970970806554,POINT (-85.17905138635426 35.14772420675343),POINT (-85.21970970806554 35.20534307067813)
51,35.148340008519796,-85.17629069559783,35.09315279581361,-85.1378130867834,POINT (-85.17629069559783 35.148340008519796),POINT (-85.1378130867834 35.09315279581361)
18,35.1434663884452,-85.18210065846564,35.16775376837801,-85.15309334231964,POINT (-85.18210065846564 35.1434663884452),POINT (-85.15309334231964 35.16775376837801)
17,35.15950802034119,-85.17619936797922,35.14860408278462,-85.20455632320014,POINT (-85.17619936797922 35.15950802034119),POINT (-85.20455632320014 35.14860408278462)
96,35.14836483837082,-85.17666239704376,35.00308440994498,-85.25262064349911,POINT (-85.17666239704376 35.14836483837082),POINT (-85.25262064349911 35.00308440994498)
89,35.15719381045624,-85.16867535111876,35.179947288346746,-85.13716105013266,POINT (-85.16867535111876 35.15719381045624),POINT (-85.13716105013266 35.179947288346746)
89,35.14889823229935,-85.17859347600331,35.17759615330445,-85.35024455954411,POINT (-85.17859347600331 35.14889823229935),POINT (-85.35024455954411 35.17759615330445)
7,35.14607744132034,-85.1800014580641,35.164370937574134,-85.22794890752722,POINT (-85.1800014580641 35.14607744132034),POINT (-85.22794890752722 35.164370937574134)
67,35.144804937107025,-85.16789329893301,35.104963126589624,-85.22620304321482,POINT (-85.16789329893301 35.144804937107025),POINT (-85.22620304321482 35.104963126589624)
43,35.151648627586745,-85.17913251835428,35.22038181135539,-85.17750791002406,POINT (-85.17913251835428 35.151648627586745),POINT (-85.17750791002406 35.22038181135539)
97,35.14962639289452,-85.16481479144045,35.24904014581579,-85.01648832207063,POINT (-85.16481479144045 35.14962639289452),POINT (-85.01648832207063 35.24904014581579)
47,35.14769714694875,-85.16929189243794,35.13784223670673,-85.17684903839354,POINT (-85.16929189243794 35.14769714694875),POINT (-85.17684903839354 35.13784223670673)
29,35.150947798028874,-85.17704454911072,35.15924578707329,-85.16963834050091,POINT (-85.17704454911072 35.150947798028874),POINT (-85.16963834050091 35.15924578707329)
9,35.151078382969786,-85.17553559855557,35.17240874626753,-85.17645133308338,POINT (-85.17553559855557 35.151078382969786),POINT (-85.17645133308338 35.17240874626753)
67,35.147355361230396,-85.17190947521863,35.256934404398464,-85.15647286164243,POINT (-85.17190947521863 35.147355361230396),POINT (-85.15647286164243 35.256934404398464)
38,35.14937561224202,-85.17520361709873,35.161413313375526,-85.18004444758714,POINT (-85.17520361709873 35.14937561224202),POINT (-85.18004444758714 35.161413313375526)
90,35.15448069979387,-85.17120344378509,35.15129722172449,-85.189039538774,POINT (-85.17120344378509 35.15448069979387),POINT (-85.189039538774 35.15129722172449)
55,35.147715714343704,-85.18451636318095,35.147127046709464,-85.1623069420357,POINT (-85.18451636318095 35.147715714343704),POINT (-85.1623069420357 35.147127046709464)
28,35.150483470233496,-85.18104293034,35.17608625867311,-85.10653728166335,POINT (-85.18104293034 35.150483470233496),POINT (-85.10653728166335 35.17608625867311)
36,35.14898943831322,-85.17867143702516,35.14735707522585,-85.19975648973356,POINT (-85.17867143702516 35.14898943831322),POINT (-85.19975648973356 35.14735707522585)
69,35.15229262475125,-85.17749322566314,35.143289493063726,-85.19870166314901,POINT (-85.17749322566314 35.15229262475125),POINT (-85.19870166314901 35.143289493063726)
22,35.148966133138536,-85.18396710121507,35.14332134546406,-85.22628553994811,POINT (-85.18396710121507 35.148966133138536),POINT (-85.22628553994811 35.14332134546406)
12,35.14448882805734,-85.1758076927636,35.16566633653721,-85.16620959334927,POINT (-85.1758076927636 35.14448882805734),POINT (-85.16620959334927 35.16566633653721)
7,35.137689936626934,-85.19119481877856,35.13718626547958,-85.20343785644437,POINT (-85.19119481877856 35.137689936626934),POINT (-85.20343785644437 35.13718626547958)
9,35.157117779129976,-85.17382263711423,35.16165947765949,-85.18833803919523,POINT (-85.17382263711423 35.157117779129976),POINT (-85.18833803919523 35.16165947765949)
56,35.15823806614676,-85.18922893569928,35.14888163347262,-85.19327718781251,POINT (-85.18922893569928 35.15823806614676),POINT (-85.19327718781251 35.14888163347262)
24,35.14753204843715,-85.18232530939822,35.13691043408087,-85.15747563742703,POINT (-85.18232530939822 35.14753204843715),POINT (-85.15747563742703 35.13691043408087)
75,35.1532368890379,-85.17508164723824,35.139164976923766,-85.15995172363837,POINT (-85.17508164723824 35.1532368890379),POINT (-85.15995172363837 35.139164976923766)
53,35.14762413551534,-85.17939774946008,35.170099710605086,-85.18079550038746,POINT (-85.17939774946008 35.14762413551534),POINT (-85.18079550038746 35.170099710605086)
100,35.14926962015568,-85.17902705072548,35.15323949230124,-85.14901761326828,POINT (-85.17902705072548 35.14926962015568),POINT (-85.14901761326828 35.15323949230124)
88,35.149166993809885,-85.18884152417702,35.14452548078963,-85.19976850208421,POINT (-85.18884152417702 35.149166993809885),POINT (-85.19976850208421 35.14452548078963)
3,35.151776127058476,-85.19253094805664,35.14555285445877,-85.21761184989448,POINT (-85.19253094805664 35.151776127058476),POINT (-85.21761184989448 35.14555285445877)
21,35.15020928736822,-85.17711747309936,35.133101826913524,-85.17525868163233,POINT (-85.17711747309936 35.15020928736822),POINT (-85.17525868163233 35.133101826913524)
89,35.146809453311214,-85.18747222659397,35.14431925714865,-85.16617960980147,POINT (-85.18747222659397 35.146809453311214),POINT (-85.16617960980147 35.14431925714865)
10,35.13829483536255,-85.16735583559557,35.14545419982769,-85.15164945574611,POINT (-85.16735583559557 35.13829483536255),POINT (-85.15164945574611 35.14545419982769)
54,35.155740464673116,-85.17835891112793,35.14043768572266,-85.1758690262668,POINT (-85.17835891112793 35.155740464673116),POINT (-85.1758690262668 35.14043768572266)
100,35.14982769691918,-85.17300311491714,35.143502873132796,-85.16172165433953,POINT (-85.17300311491714 35.14982769691918),POINT (-85.16172165433953 35.143502873132796)
37,35.15297101102741,-85.1749463034604,35.164002512113775,-85.19683059172132,POINT (-85.1749463034604 35.15297101102741),POINT (-85.19683059172132 35.164002512113775)
72,35.149908113663685,-85.17032510092208,35.14685798390264,-85.10458276017219,POINT (-85.17032510092208 35.149908113663685),POINT (-85.10458276017219 35.14685798390264)
72,35.15328259037841,-85.16841720847955,35.13613423442717,-85.1828870676943,POINT (-85.16841720847955 35.15328259037841),POINT (-85.1828870676943 35.13613423442717)
18,35.14546051446626,-85.18013115458687,35.151876351938455,-85.19384592263717,POINT (-85.18013115458687 35.14546051446626),POINT (-85.19384592263717 35.151876351938455)
44,35.14221584218762,-85.16619015079804,35.157230040731115,-85.18394014803974,POINT (-85.16619015079804 35.14221584218762),POINT (-85.18394014803974 35.157230040731115)
73,35.150676843000234,-85.18011858425898,35.15684024228924,-85.16715095401443,POINT (-85.18011858425898 35.150676843000234),POINT (-85.16715095401443 35.15684024228924)
47,35.153168524133065,-85.17449134175038,35.14445514781794,-85.15180214150607,POINT (-85.17449134175038 35.153168524133065),POINT (-85.15180214150607 35.14445514781794)
22,35.15207063880647,-85.17822886840673,35.14230073702009,-85.17280708160523,POINT (-85.17822886840673 35.15207063880647),POINT (-85.17280708160523 35.14230073702009)
13,35.14900909683743,-85.17700147897801,35.12970145041135,-85.19555801146262,POINT (-85.17700147897801 35.14900909683743),POINT (-85.19555801146262 35.12970145041135)
16,35.1553375585526,-85.19045113561023,35.14571178963505,-85.22046077549044,POINT (-85.19045113561023 35.1553375585526),POINT (-85.22046077549044 35.14571178963505)
64,35.14478584519512,-85.17661417189159,35.1643294205776,-85.25331196078201,POINT (-85.17661417189159 35.14478584519512),POINT (-85.25331196078201 35.1643294205776)
95,35.14597856936218,-85.17973933599629,35.136225951724626,-85.1716372378529,POINT (-85.17973933599629 35.14597856936218),POINT (-85.1716372378529 35.136225951724626)
81,35.149992454143984,-85.18167928482784,35.140264310278155,-85.17395637774148,POINT (-85.18167928482784 35.149992454143984),POINT (-85.17395637774148 35.140264310278155)
70,35.13852198681877,-85.16474921033164,35.116657418107586,-85.16918429235605,POINT (-85.16474921033164 35.13852198681877),POINT (-85.16918429235605 35.116657418107586)
25,35.14893439991083,-85.17261778285805,35.1890662776,-85.11709214727625,POINT (-85.17261778285805 35.14893439991083),POINT (-85.11709214727625 35.1890662776)
33,35.14794322437293,-85.17744047511445,35.1696817785562,-85.188593484573,POINT (-85.17744047511445 35.14794322437293),POINT (-85.188593484573 35.1696817785562)
90,35.14875281540106,-85.18220740225449,35.138340054978265,-85.18177961584361,POINT (-85.18220740225449 35.14875281540106),POINT (-85.18177961584361 35.138340054978265)
15,35.14723305179244,-85.16717549400039,35.136381557457675,-85.16969883473364,POINT (-85.16717549400039 35.14723305179244),POINT (-85.16969883473364 35.136381557457675)
96,35.15280202813691,-85.17101015756447,35.16594202421356,-85.15079910865369,POINT (-85.17101015756447 35.15280202813691),POINT (-85.15079910865369 35.16594202421356)
48,35.15794028754638,-85.16768344644014,35.100569353989634,-85.15906947552892,POINT (-85.16768344644014 35.15794028754638),POINT (-85.15906947552892 35.100569353989634)
42,35.149590123493624,-85.17037431552768,35.13554951364572,-85.19399188599087,POINT (-85.17037431552768 35.149590123493624),POINT (-85.19399188599087 35.13554951364572)
90,35.147475261615746,-85.17618639450504,35.1013060207515,-85.13319324917097,POINT (-85.17618639450504 35.147475261615746),POINT (-85.13319324917097 35.1013060207515)
68,35.142572036220834,-85.16288678369982,35.14320309511522,-85.14935776188231,POINT (-85.16288678369982 35.142572036220834),POINT (-85.14935776188231 35.14320309511522)
25,35.1463537762206,-85.18843202340287,35.15838359633192,-85.18073396053336,POINT (-85.18843202340287 35.1463537762206),POINT (-85.18073396053336 35.15838359633192)
95,35.14570085221142,-85.18482923490315,35.16140320684262,-85.1915788643373,POINT (-85.18482923490315 35.14570085221142),POINT (-85.1915788643373 35.16140320684262)
16,35.147942144608486,-85.17049461083698,35.13932937131985,-85.29234539509575,POINT (-85.17049461083698 35.147942144608486),POINT (-85.29234539509575 35.13932937131985)
43,35.1477191557607,-85.18102735235708,35.157620372343864,-85.20605700193046,POINT (-85.18102735235708 35.1477191557607),POINT (-85.20605700193046 35.157620372343864)
31,35.15210221477845,-85.17368028026044,35.13811553239827,-85.17389622112242,POINT (-85.17368028026044 35.15210221477845),POINT (-85.17389622112242 35.13811553239827)
99,35.14772680741574,-85.176939020019,35.12843039051762,-85.20889546745155,POINT (-85.176939020019 35.14772680741574),POINT (-85.20889546745155 35.12843039051762)
80,35.14958076437835,-85.17494033471837,35.13164158116149,-85.19348467361068,POINT (-85.17494033471837 35.14958076437835),POINT (-85.19348467361068 35.13164158116149)
99,35.14680980717175,-85.17195663375048,35.042249209527206,-85.33894606335961,POINT (-85.17195663375048 35.14680980717175),POINT (-85.33894606335961 35.042249209527206)
37,35.15551555890127,-85.16833548535442,35.13373085330318,-85.15058651756395,POINT (-85.16833548535442 35.15551555890127),POINT (-85.15058651756395 35.13373085330318)
16,35.14854154264702,-85.17730232241054,35.19996437750904,-85.22627607757565,POINT (-85.17730232241054 35.14854154264702),POINT (-85.22627607757565 35.19996437750904)
2,35.15118315448149,-85.1856417481746,35.12898780722749,-85.1716305158634,POINT (-85.1856417481746 35.15118315448149),POINT (-85.1716305158634 35.12898780722749)
2,35.15004350646274,-85.17984674987905,35.1624686159679,-85.15610878230581,POINT (-85.17984674987905 35.15004350646274),POINT (-85.15610878230581 35.1624686159679)
9,35.153362310179894,-85.17030795512494,35.16738940516297,-85.16072302325276,POINT (-85.17030795512494 35.153362310179894),POINT (-85.16072302325276 35.16738940516297)
2,35.15126415519074,-85.17849741210837,35.11501017770336,-85.18677868341379,POINT (-85.17849741210837 35.15126415519074),POINT (-85.18677868341379 35.11501017770336)
78,35.15524713270804,-85.18592438732242,35.13752543220133,-85.20913648473248,POINT (-85.18592438732242 35.15524713270804),POINT (-85.20913648473248 35.13752543220133)
51,35.14718112875735,-85.1770783708137,35.17323592544209,-85.12254247775188,POINT (-85.1770783708137 35.14718112875735),POINT (-85.12254247775188 35.17323592544209)
35,35.146837327543984,-85.17340733649246,35.10257601735248,-85.11550085752029,POINT (-85.17340733649246 35.146837327543984),POINT (-85.11550085752029 35.10257601735248)
16,35.15114891929851,-85.17248048881173,35.10020772837318,-85.11468256914091,POINT (-85.17248048881173 35.15114891929851),POINT (-85.11468256914091 35.10020772837318)
8,35.14241320592285,-85.18249563081935,35.10412867863969,-85.21025604786047,POINT (-85.18249563081935 35.14241320592285),POINT (-85.21025604786047 35.10412867863969)
91,35.14426280318002,-85.16965186054318,35.13242636463663,-85.18009944038054,POINT (-85.16965186054318 35.14426280318002),POINT (-85.18009944038054 35.13242636463663)
77,35.147557446413,-85.18039896026265,35.15798037975808,-85.18906805135856,POINT (-85.18039896026265 35.147557446413),POINT (-85.18906805135856 35.15798037975808)
57,35.14928519577781,-85.1784779353863,35.169320455842914,-85.16566044931194,POINT (-85.1784779353863 35.14928519577781),POINT (-85.16566044931194 35.169320455842914)
7,35.14658112937835,-85.17029996058245,35.12833861899946,-85.25478788688828,POINT (-85.17029996058245 35.14658112937835),POINT (-85.25478788688828 35.12833861899946)
56,35.15007842961346,-85.17857932608858,35.14298422454484,-85.2041465613981,POINT (-85.17857932608858 35.15007842961346),POINT (-85.2041465613981 35.14298422454484)
65,35.144824428641684,-85.17823195187839,35.14867007618597,-85.16508654195788,POINT (-85.17823195187839 35.144824428641684),POINT (-85.16508654195788 35.14867007618597)
64,35.15004302630587,-85.17898207476946,35.058679700754944,-85.32033233324597,POINT (-85.17898207476946 35.15004302630587),POINT (-85.32033233324597 35.058679700754944)
37,35.15327717339992,-85.18090307426623,35.157653892493784,-85.16114783555936,POINT (-85.18090307426623 35.15327717339992),POINT (-85.16114783555936 35.157653892493784)
75,35.15386612352594,-85.1758758634249,35.068767075494584,-85.2530790575127,POINT (-85.1758758634249 35.15386612352594),POINT (-85.2530790575127 35.068767075494584)
23,35.15929450708081,-85.17727787837924,35.149371953975404,-85.19680657066529,POINT (-85.17727787837924 35.15929450708081),POINT (-85.19680657066529 35.149371953975404)
33,35.152958674462376,-85.18683538808283,35.14445257795257,-85.19217340345142,POINT (-85.18683538808283 35.152958674462376),POINT (-85.19217340345142 35.14445257795257)
59,35.14962590404474,-85.18012512036132,35.162942597448094,-85.10815344907071,POINT (-85.18012512036132 35.14962590404474),POINT (-85.10815344907071 35.162942597448094)
53,35.147056022639845,-85.17550392016017,35.1556923740531,-85.24542759868166,POINT (-85.17550392016017 35.147056022639845),POINT (-85.24542759868166 35.1556923740531)
55,35.15147103462566,-85.17879018392478,35.11036426789648,-85.11451434134293,POINT (-85.17879018392478 35.15147103462566),POINT (-85.11451434134293 35.11036426789648)
9,35.15324148633889,-85.17024039303755,35.28474545494249,-85.22428172679084,POINT (-85.17024039303755 35.15324148633889),POINT (-85.22428172679084 35.28474545494249)
89,35.153817723563805,-85.18070225373812,35.13212361166813,-85.25652656437596,POINT (-85.18070225373812 35.153817723563805),POINT (-85.25652656437596 35.13212361166813)
63,35.10433915091259,-85.22307276840903,35.12594881709469,-85.2278135350761,POINT (-85.22307276840903 35.10433915091259),POINT (-85.2278135350761 35.12594881709469)
95,35.11414740332545,-85.21382499020699,35.10052504040755,-85.22659576177192,POINT (-85.21382499020699 35.11414740332545),POINT (-85.22659576177192 35.10052504040755)
8,35.10876340428436,-85.21766175236161,35.11720321544212,-85.2250553335204,POINT (-85.21766175236161 35.10876340428436),POINT (-85.2250553335204 35.11720321544212)
66,35.10919448803976,-85.21429194101607,35.12234781413962,-85.19725217114821,POINT (-85.21429194101607 35.10919448803976),POINT (-85.19725217114821 35.12234781413962)
48,35.10926485665734,-85.21592440046024,35.03869919049109,-85.20677301575338,POINT (-85.21592440046024 35.10926485665734),POINT (-85.20677301575338 35.03869919049109)
81,35.102268027604765,-85.21262093528968,35.135268136676466,-85.27910318671074,POINT (-85.21262093528968 35.102268027604765),POINT (-85.27910318671074 35.135268136676466)
10,35.10135195184383,-85.22498889868689,35.09544480458775,-85.24077146189731,POINT (-85.22498889868689 35.10135195184383),POINT (-85.24077146189731 35.09544480458775)
34,35.107585147124425,-85.2127330244894,35.11843832774789,-85.21234757864059,POINT (-85.2127330244894 35.107585147124425),POINT (-85.21234757864059 35.11843832774789)
87,35.107249934451914,-85.21608821915473,35.091279456380114,-85.35180944240659,POINT (-85.21608821915473 35.107249934451914),POINT (-85.35180944240659 35.091279456380114)
18,35.119826137866916,-85.21715691598632,35.10089427664391,-85.07159527378559,POINT (-85.21715691598632 35.119826137866916),POINT (-85.07159527378559 35.10089427664391)
19,35.1042909776697,-85.2106242585137,35.09696498321147,-85.22027341627935,POINT (-85.2106242585137 35.1042909776697),POINT (-85.22027341627935 35.09696498321147)
86,35.10699329863276,-85.21202600232759,35.10416051580233,-85.22906245303845,POINT (-85.21202600232759 35.10699329863276),POINT (-85.22906245303845 35.10416051580233)
8,35.10962830200496,-85.21265330160988,35.115012489232335,-85.28511664653547,POINT (-85.21265330160988 35.10962830200496),POINT (-85.28511664653547 35.115012489232335)
81,35.108568460015476,-85.21337229144467,35.095106661200006,-85.2830708893088,POINT (-85.21337229144467 35.108568460015476),POINT (-85.2830708893088 35.095106661200006)
98,35.11037236751964,-85.2098165729845,35.13501734327671,-85.24436906671569,POINT (-85.2098165729845 35.11037236751964),POINT (-85.24436906671569 35.13501734327671)
37,35.110128830637116,-85.21972428362916,35.16718844027793,-85.19790448012527,POINT (-85.21972428362916 35.110128830637116),POINT (-85.19790448012527 35.16718844027793)
45,35.11206201776176,-85.21280869326971,35.13724003121724,-85.27973564697017,POINT (-85.21280869326971 35.11206201776176),POINT (-85.27973564697017 35.13724003121724)
98,35.12076476102449,-85.21492365331272,35.11578332994398,-85.15783775132923,POINT (-85.21492365331272 35.12076476102449),POINT (-85.15783775132923 35.11578332994398)
84,35.109280360599556,-85.2128070664618,35.17578707824764,-85.23382153975547,POINT (-85.2128070664618 35.109280360599556),POINT (-85.23382153975547 35.17578707824764)
12,35.11689348561419,-85.2216987147136,35.130968796896596,-85.22909519657864,POINT (-85.2216987147136 35.11689348561419),POINT (-85.22909519657864 35.130968796896596)
64,35.1038875967161,-85.22783407917461,35.08224684957548,-85.2147935414606,POINT (-85.22783407917461 35.1038875967161),POINT (-85.2147935414606 35.08224684957548)
19,35.110929273401645,-85.21038816498832,35.10564389672416,-85.24306426001966,POINT (-85.21038816498832 35.110929273401645),POINT (-85.24306426001966 35.10564389672416)
77,35.115750370150955,-85.2073688053387,35.12233990230144,-85.22735396507245,POINT (-85.2073688053387 35.115750370150955),POINT (-85.22735396507245 35.12233990230144)
50,35.100720006692555,-85.21143168553084,35.09631315658479,-85.22886686537122,POINT (-85.21143168553084 35.100720006692555),POINT (-85.22886686537122 35.09631315658479)
12,35.11163777777888,-85.22180505715889,35.11601532876095,-85.19333937554123,POINT (-85.22180505715889 35.11163777777888),POINT (-85.19333937554123 35.11601532876095)
10,35.112257947279986,-85.2105195492285,35.090755737206,-85.21756244942334,POINT (-85.2105195492285 35.112257947279986),POINT (-85.21756244942334 35.090755737206)
94,35.11714774144724,-85.21040699079781,35.114618631484966,-85.13491153967172,POINT (-85.21040699079781 35.11714774144724),POINT (-85.13491153967172 35.114618631484966)
16,35.110549673910334,-85.21513678406383,35.0959744544113,-85.2071834975139,POINT (-85.21513678406383 35.110549673910334),POINT (-85.2071834975139 35.0959744544113)
10,35.10429305814696,-85.21582540922725,35.091288455698354,-85.23376011553741,POINT (-85.21582540922725 35.10429305814696),POINT (-85.23376011553741 35.091288455698354)
85,35.097536965571216,-85.22581817137016,35.10252293481735,-85.24134465278487,POINT (-85.22581817137016 35.097536965571216),POINT (-85.24134465278487 35.10252293481735)
58,35.11838846662784,-85.22439013132521,35.12780491135305,-85.19607315247568,POINT (-85.22439013132521 35.11838846662784),POINT (-85.19607315247568 35.12780491135305)
74,35.11271463661832,-85.21758549177007,35.10238050751217,-85.22638263574535,POINT (-85.21758549177007 35.11271463661832),POINT (-85.22638263574535 35.10238050751217)
56,35.09892267934473,-85.20203231457161,35.11591231671149,-85.25256672567491,POINT (-85.20203231457161 35.09892267934473),POINT (-85.25256672567491 35.11591231671149)
96,35.11100467657471,-85.21223165627501,35.136298880910374,-85.2024548906742,POINT (-85.21223165627501 35.11100467657471),POINT (-85.2024548906742 35.136298880910374)
86,35.12161557994343,-85.20386378111343,35.125164403432606,-85.22881706341124,POINT (-85.20386378111343 35.12161557994343),POINT (-85.22881706341124 35.125164403432606)
50,35.10000206150813,-85.22301517898696,35.063687307047005,-85.21261905761212,POINT (-85.22301517898696 35.10000206150813),POINT (-85.21261905761212 35.063687307047005)
87,35.11155602883268,-85.21361743014134,35.130847732536374,-85.21499471318444,POINT (-85.21361743014134 35.11155602883268),POINT (-85.21499471318444 35.130847732536374)
11,35.10277086205787,-85.20770309305425,35.09311694424035,-85.17441747731735,POINT (-85.20770309305425 35.10277086205787),POINT (-85.17441747731735 35.09311694424035)
58,35.117073980909694,-85.22237047112495,35.15166634913536,-85.24948039299314,POINT (-85.22237047112495 35.117073980909694),POINT (-85.24948039299314 35.15166634913536)
61,35.11390631409022,-85.22175069824695,35.135506169615255,-85.23251588163625,POINT (-85.22175069824695 35.11390631409022),POINT (-85.23251588163625 35.135506169615255)
78,35.10472446274082,-85.21548764995325,35.12420198646029,-85.20215803659204,POINT (-85.21548764995325 35.10472446274082),POINT (-85.20215803659204 35.12420198646029)
52,35.10927420332385,-85.21259798332689,35.1214161871064,-85.22723391389547,POINT (-85.21259798332689 35.10927420332385),POINT (-85.22723391389547 35.1214161871064)
9,35.107233159701686,-85.2159445533536,35.093209680653125,-85.20438958546723,POINT (-85.2159445533536 35.107233159701686),POINT (-85.20438958546723 35.093209680653125)
88,35.10899524131894,-85.21325607216257,35.0955716412409,-85.18523589020518,POINT (-85.21325607216257 35.10899524131894),POINT (-85.18523589020518 35.0955716412409)
72,35.1082338740516,-85.21756693306953,35.12647685592743,-85.20354547733035,POINT (-85.21756693306953 35.1082338740516),POINT (-85.20354547733035 35.12647685592743)
99,35.111546368970366,-85.21471434845341,35.120681710406785,-85.21838505340911,POINT (-85.21471434845341 35.111546368970366),POINT (-85.21838505340911 35.120681710406785)
54,35.12073769229814,-85.20998796339163,35.12864054949739,-85.18198889243261,POINT (-85.20998796339163 35.12073769229814),POINT (-85.18198889243261 35.12864054949739)
25,35.10438865092341,-85.22228639523611,35.15116969325851,-85.18370894852973,POINT (-85.22228639523611 35.10438865092341),POINT (-85.18370894852973 35.15116969325851)
8,35.110006151393485,-85.21463457715551,35.09699781638178,-85.23278971361638,POINT (-85.21463457715551 35.110006151393485),POINT (-85.23278971361638 35.09699781638178)
16,35.100452578322894,-85.20429384736558,35.12001339013035,-85.12748869157765,POINT (-85.20429384736558 35.100452578322894),POINT (-85.12748869157765 35.12001339013035)
22,35.10824158535716,-85.21285976766009,35.082887668846205,-85.20350866300457,POINT (-85.21285976766009 35.10824158535716),POINT (-85.20350866300457 35.082887668846205)
69,35.11241451245857,-85.21506496028317,35.110452841519574,-85.23783534233954,POINT (-85.21506496028317 35.11241451245857),POINT (-85.23783534233954 35.110452841519574)
81,35.1150522922302,-85.20563589749837,35.09175510944907,-85.19825418235419,POINT (-85.20563589749837 35.1150522922302),POINT (-85.19825418235419 35.09175510944907)
37,35.11116564715507,-85.21554067058216,35.115751631883604,-85.18639894532627,POINT (-85.21554067058216 35.11116564715507),POINT (-85.18639894532627 35.115751631883604)
84,35.10653633600299,-85.21236174424806,35.036355370979656,-85.20664892623346,POINT (-85.21236174424806 35.10653633600299),POINT (-85.20664892623346 35.036355370979656)
71,35.10341174265761,-85.21686346914392,35.1191387632925,-85.21166769116225,POINT (-85.21686346914392 35.10341174265761),POINT (-85.21166769116225 35.1191387632925)
55,35.102102748491156,-85.22337774026194,35.12495995769555,-85.19323969514267,POINT (-85.22337774026194 35.102102748491156),POINT (-85.19323969514267 35.12495995769555)
52,35.10628946978743,-85.21503805467374,35.04848696250175,-85.266030049664,POINT (-85.21503805467374 35.10628946978743),POINT (-85.266030049664 35.04848696250175)
100,35.101856608055996,-85.21614477089675,35.121050080579565,-85.2255407541871,POINT (-85.21614477089675 35.101856608055996),POINT (-85.2255407541871 35.121050080579565)
19,35.09995902765557,-85.20245604097596,35.090222290491305,-85.20822553216068,POINT (-85.20245604097596 35.09995902765557),POINT (-85.20822553216068 35.090222290491305)
55,35.118249286487554,-85.22481241015726,35.199548093106074,-85.25093316913603,POINT (-85.22481241015726 35.118249286487554),POINT (-85.25093316913603 35.199548093106074)
20,35.1174850626756,-85.20680796541446,35.11651429029435,-85.1894304281161,POINT (-85.20680796541446 35.1174850626756),POINT (-85.1894304281161 35.11651429029435)
93,35.10686471488606,-85.2029260537881,35.07195225210006,-85.16796964772907,POINT (-85.2029260537881 35.10686471488606),POINT (-85.16796964772907 35.07195225210006)
81,35.112566596184095,-85.22120012869273,35.154018405231405,-85.16767584807023,POINT (-85.22120012869273 35.112566596184095),POINT (-85.16767584807023 35.154018405231405)
58,35.10625472677077,-85.21354226838565,35.12203107934048,-85.21042973756434,POINT (-85.21354226838565 35.10625472677077),POINT (-85.21042973756434 35.12203107934048)
27,35.11392081314267,-85.2097184599009,35.133166121611545,-85.22928370446111,POINT (-85.2097184599009 35.11392081314267),POINT (-85.22928370446111 35.133166121611545)
70,35.10914535512077,-85.20751911918502,35.08881958104324,-85.21313332885136,POINT (-85.20751911918502 35.10914535512077),POINT (-85.21313332885136 35.08881958104324)
62,35.11262990172195,-85.22001738928329,35.071790266485635,-85.22147986998618,POINT (-85.22001738928329 35.11262990172195),POINT (-85.22147986998618 35.071790266485635)
43,35.10758859793826,-85.217313296573,35.112493613123235,-85.23299462122536,POINT (-85.217313296573 35.10758859793826),POINT (-85.23299462122536 35.112493613123235)
4,35.10850541093297,-85.2134798809529,35.103229468862104,-85.22930502172817,POINT (-85.2134798809529 35.10850541093297),POINT (-85.22930502172817 35.103229468862104)
41,35.113799172624255,-85.227256878488,35.10426382194099,-85.20714890916388,POINT (-85.227256878488 35.113799172624255),POINT (-85.20714890916388 35.10426382194099)
82,35.10938944206134,-85.212045957967,35.103743340231674,-85.17247981350239,POINT (-85.212045957967 35.10938944206134),POINT (-85.17247981350239 35.103743340231674)
44,35.110789008081525,-85.21375853660405,35.21088870596844,-85.34104748867476,POINT (-85.21375853660405 35.110789008081525),POINT (-85.34104748867476 35.21088870596844)
60,35.10650497007771,-85.21574515528819,35.07315402127132,-85.20501999897523,POINT (-85.21574515528819 35.10650497007771),POINT (-85.20501999897523 35.07315402127132)
46,35.10704901259571,-85.21933062122135,35.10994019274875,-85.20689432414724,POINT (-85.21933062122135 35.10704901259571),POINT (-85.20689432414724 35.10994019274875)
83,35.11116290278986,-85.21032485957153,35.11532412757221,-85.20045001838356,POINT (-85.21032485957153 35.11116290278986),POINT (-85.20045001838356 35.11532412757221)
69,35.119022441724184,-85.20043423008433,35.096617946890596,-85.212587867261,POINT (-85.20043423008433 35.119022441724184),POINT (-85.212587867261 35.096617946890596)
3,35.10085595498195,-85.2198482056319,35.091696455669116,-85.2286959907957,POINT (-85.2198482056319 35.10085595498195),POINT (-85.2286959907957 35.091696455669116)
75,35.10939666624594,-85.21355180700573,35.12250073861115,-85.20914925156036,POINT (-85.21355180700573 35.10939666624594),POINT (-85.20914925156036 35.12250073861115)
73,35.1153391563638,-85.2172810825032,35.04766716950077,-85.21039840680906,POINT (-85.2172810825032 35.1153391563638),POINT (-85.21039840680906 35.04766716950077)
60,35.11046439995011,-85.21319295656954,35.15728292655324,-85.19911886783198,POINT (-85.21319295656954 35.11046439995011),POINT (-85.19911886783198 35.15728292655324)
76,35.10198129988505,-85.21695164345518,35.091539248927056,-85.1966347112301,POINT (-85.21695164345518 35.10198129988505),POINT (-85.1966347112301 35.091539248927056)
31,35.11635778465109,-85.21822149681307,35.09403926381117,-85.21303640165864,POINT (-85.21822149681307 35.11635778465109),POINT (-85.21303640165864 35.09403926381117)
70,35.11143537789323,-85.21740891686393,35.118512652290825,-85.23414990197115,POINT (-85.21740891686393 35.11143537789323),POINT (-85.23414990197115 35.118512652290825)
73,35.10974374654066,-85.21595264845654,35.10916780668409,-85.20482479404464,POINT (-85.21595264845654 35.10974374654066),POINT (-85.20482479404464 35.10916780668409)
9,35.10143082872639,-85.21077459744595,35.12222709522409,-85.1914159625896,POINT (-85.21077459744595 35.10143082872639),POINT (-85.1914159625896 35.12222709522409)
95,35.11955489412108,-85.20262847356815,35.12034338328411,-85.21588577688478,POINT (-85.20262847356815 35.11955489412108),POINT (-85.21588577688478 35.12034338328411)
98,35.11465747518665,-85.21835362549403,35.1376700378099,-85.12346760112376,POINT (-85.21835362549403 35.11465747518665),POINT (-85.12346760112376 35.1376700378099)
46,35.11096780349357,-85.22018567809964,35.100875419674196,-85.22611020931554,POINT (-85.22018567809964 35.11096780349357),POINT (-85.22611020931554 35.100875419674196)
21,35.10742776978185,-85.21435666752572,35.11776199725744,-85.20309318990003,POINT (-85.21435666752572 35.10742776978185),POINT (-85.20309318990003 35.11776199725744)
19,35.10648881701497,-85.20472332293545,35.0958389879953,-85.19960568319341,POINT (-85.20472332293545 35.10648881701497),POINT (-85.19960568319341 35.0958389879953)
81,35.11062621497443,-85.2149040113092,35.11264395555297,-85.24403512279466,POINT (-85.2149040113092 35.11062621497443),POINT (-85.24403512279466 35.11264395555297)
54,35.10998293258717,-85.2150352262471,35.108674589659046,-85.19784744347443,POINT (-85.2150352262471 35.10998293258717),POINT (-85.19784744347443 35.108674589659046)
6,35.10815493341679,-85.21472247857072,35.086360106191194,-85.20317312704736,POINT (-85.21472247857072 35.10815493341679),POINT (-85.20317312704736 35.086360106191194)
60,35.1184709580769,-85.22164324939615,35.102298808334744,-85.2053686187012,POINT (-85.22164324939615 35.1184709580769),POINT (-85.2053686187012 35.102298808334744)
27,35.111424753616156,-85.21451491643158,35.11882903107167,-85.18354790670797,POINT (-85.21451491643158 35.111424753616156),POINT (-85.18354790670797 35.11882903107167)
2,35.11703908199292,-85.20816906714158,35.12825756117839,-85.20938256366018,POINT (-85.20816906714158 35.11703908199292),POINT (-85.20938256366018 35.12825756117839)
94,35.103935951254485,-85.21424996346236,35.10929424188393,-85.22890355775104,POINT (-85.21424996346236 35.103935951254485),POINT (-85.22890355775104 35.10929424188393)
42,35.09954890450933,-85.2094321603341,35.07930642275191,-85.16148368871607,POINT (-85.2094321603341 35.09954890450933),POINT (-85.16148368871607 35.07930642275191)
50,35.09929562674462,-85.2116544024783,35.11180658850149,-85.20002101307776,POINT (-85.2116544024783 35.09929562674462),POINT (-85.20002101307776 35.11180658850149)
17,35.2904386805051,-85.16638539824689,35.274274623380066,-85.14753948525664,POINT (-85.16638539824689 35.2904386805051),POINT (-85.14753948525664 35.274274623380066)
92,35.287131321688335,-85.1660732913978,35.35609965230248,-85.16401001072356,POINT (-85.1660732913978 35.287131321688335),POINT (-85.16401001072356 35.35609965230248)
50,35.287954704166616,-85.16204208981264,35.307640609895394,-85.14793539929451,POINT (-85.16204208981264 35.287954704166616),POINT (-85.14793539929451 35.307640609895394)
79,35.27800017481582,-85.1530307259846,35.28221378919635,-85.07408658190536,POINT (-85.1530307259846 35.27800017481582),POINT (-85.07408658190536 35.28221378919635)
5,35.28890476665351,-85.16100993965861,35.30339470307153,-85.1576949291105,POINT (-85.16100993965861 35.28890476665351),POINT (-85.1576949291105 35.30339470307153)
73,35.28983325533307,-85.16142462123189,35.32414897140429,-85.19633055331312,POINT (-85.16142462123189 35.28983325533307),POINT (-85.19633055331312 35.32414897140429)
7,35.28943566171706,-85.16979057599058,35.27699062149323,-85.15650622433088,POINT (-85.16979057599058 35.28943566171706),POINT (-85.15650622433088 35.27699062149323)
56,35.290047369562416,-85.16249950145198,35.42874683643848,-85.30032382203865,POINT (-85.16249950145198 35.290047369562416),POINT (-85.30032382203865 35.42874683643848)
10,35.28407200198897,-85.16293693386231,35.28195552642378,-85.1234889301138,POINT (-85.16293693386231 35.28407200198897),POINT (-85.1234889301138 35.28195552642378)
69,35.27679886463588,-85.15004240517649,35.294651434511266,-85.14523957359164,POINT (-85.15004240517649 35.27679886463588),POINT (-85.14523957359164 35.294651434511266)
96,35.284247774384006,-85.1694047224236,35.31173439203671,-85.10705630954426,POINT (-85.1694047224236 35.284247774384006),POINT (-85.10705630954426 35.31173439203671)
22,35.28315689602788,-85.16719271589675,35.28959797692896,-85.26346815983403,POINT (-85.16719271589675 35.28315689602788),POINT (-85.26346815983403 35.28959797692896)
36,35.286667322611294,-85.15870725756237,35.25437908233176,-85.12571901494712,POINT (-85.15870725756237 35.286667322611294),POINT (-85.12571901494712 35.25437908233176)
51,35.29070486506519,-85.1650138256116,35.26255202125689,-85.10882578282218,POINT (-85.1650138256116 35.29070486506519),POINT (-85.10882578282218 35.26255202125689)
85,35.294824837274525,-85.16488540058793,35.310543431594475,-85.24604003909666,POINT (-85.16488540058793 35.294824837274525),POINT (-85.24604003909666 35.310543431594475)
1,35.28853718249586,-85.16387355497014,35.264959233224765,-85.13788770017408,POINT (-85.16387355497014 35.28853718249586),POINT (-85.13788770017408 35.264959233224765)
88,35.29323420133386,-85.17358154502115,35.30078057549915,-85.19305821279511,POINT (-85.17358154502115 35.29323420133386),POINT (-85.19305821279511 35.30078057549915)
92,35.28583499600828,-85.15760483201967,35.309038187782555,-85.15427646501297,POINT (-85.15760483201967 35.28583499600828),POINT (-85.15427646501297 35.309038187782555)
31,35.28946649370696,-85.16659361544397,35.34238332671841,-85.21991491098939,POINT (-85.16659361544397 35.28946649370696),POINT (-85.21991491098939 35.34238332671841)
12,35.29003331226201,-85.16093986311266,35.35853884712423,-85.1759583638681,POINT (-85.16093986311266 35.29003331226201),POINT (-85.1759583638681 35.35853884712423)
58,35.29140730453126,-85.16846143731586,35.357361824882716,-85.05828462441696,POINT (-85.16846143731586 35.29140730453126),POINT (-85.05828462441696 35.357361824882716)
65,35.284731725815746,-85.16468040073835,35.29821784979054,-85.17551253066432,POINT (-85.16468040073835 35.284731725815746),POINT (-85.17551253066432 35.29821784979054)
18,35.29221054432613,-85.17664090105242,35.29201838369381,-85.15526579008089,POINT (-85.17664090105242 35.29221054432613),POINT (-85.15526579008089 35.29201838369381)
15,35.28579015900475,-85.16140941994234,35.310587536623075,-85.15851101601912,POINT (-85.16140941994234 35.28579015900475),POINT (-85.15851101601912 35.310587536623075)
92,35.28922962997397,-85.16647957849227,35.27430577318945,-85.14968144659287,POINT (-85.16647957849227 35.28922962997397),POINT (-85.14968144659287 35.27430577318945)
100,35.300855084309994,-85.15331223490789,35.321843464693785,-85.21541392966182,POINT (-85.15331223490789 35.300855084309994),POINT (-85.21541392966182 35.321843464693785)
47,35.28430906461166,-85.15970826602138,35.31095570974092,-85.13563031341444,POINT (-85.15970826602138 35.28430906461166),POINT (-85.13563031341444 35.31095570974092)
92,35.29183643617679,-85.15393832866788,35.2766891909402,-85.15293677205389,POINT (-85.15393832866788 35.29183643617679),POINT (-85.15293677205389 35.2766891909402)
100,35.29488290453694,-85.15589059512523,35.33240958538177,-85.11654912176095,POINT (-85.15589059512523 35.29488290453694),POINT (-85.11654912176095 35.33240958538177)
99,35.27957619251911,-85.16408310830158,35.28381136556624,-85.17923630982892,POINT (-85.16408310830158 35.27957619251911),POINT (-85.17923630982892 35.28381136556624)
37,35.287046199570845,-85.1622811013111,35.25465638711248,-85.21808926844402,POINT (-85.1622811013111 35.287046199570845),POINT (-85.21808926844402 35.25465638711248)
77,35.289409304029746,-85.15894184564543,35.251002935927225,-85.0918679577502,POINT (-85.15894184564543 35.289409304029746),POINT (-85.0918679577502 35.251002935927225)
43,35.282272196268856,-85.16815896780795,35.267599787119,-85.17298038808737,POINT (-85.16815896780795 35.282272196268856),POINT (-85.17298038808737 35.267599787119)
36,35.292315915438515,-85.16616541820143,35.27204889096017,-85.17393466764447,POINT (-85.16616541820143 35.292315915438515),POINT (-85.17393466764447 35.27204889096017)
19,35.28732104291694,-85.16408917640966,35.30764570712086,-85.18554759181887,POINT (-85.16408917640966 35.28732104291694),POINT (-85.18554759181887 35.30764570712086)
34,35.29325680244566,-85.16144023706592,35.3038911082604,-85.15745544141139,POINT (-85.16144023706592 35.29325680244566),POINT (-85.15745544141139 35.3038911082604)
40,35.28356816406884,-85.15213268036158,35.29109381249192,-85.13445257117023,POINT (-85.15213268036158 35.28356816406884),POINT (-85.13445257117023 35.29109381249192)
38,35.282304671620025,-85.16714186810975,35.24699015381546,-85.1978139353794,POINT (-85.16714186810975 35.282304671620025),POINT (-85.1978139353794 35.24699015381546)
28,35.283543211895555,-85.16818735818595,35.287787902122915,-85.17834943284566,POINT (-85.16818735818595 35.283543211895555),POINT (-85.17834943284566 35.287787902122915)
40,35.287998487472976,-85.1639883318093,35.39161573899534,-85.31913296179785,POINT (-85.1639883318093 35.287998487472976),POINT (-85.31913296179785 35.39161573899534)
16,35.28613477554192,-85.15972773835385,35.319735635237414,-85.12599098972485,POINT (-85.15972773835385 35.28613477554192),POINT (-85.12599098972485 35.319735635237414)
84,35.291540014875544,-85.16079562342725,35.29737320652895,-85.17745957691506,POINT (-85.16079562342725 35.291540014875544),POINT (-85.17745957691506 35.29737320652895)
95,35.28760396238342,-85.1563883506063,35.28570733930468,-85.17180676504204,POINT (-85.1563883506063 35.28760396238342),POINT (-85.17180676504204 35.28570733930468)
88,35.29406402660618,-85.16700893397334,35.306827362826645,-85.15777437783642,POINT (-85.16700893397334 35.29406402660618),POINT (-85.15777437783642 35.306827362826645)
94,35.29332582972178,-85.16456021057111,35.26364022303125,-85.23756872308606,POINT (-85.16456021057111 35.29332582972178),POINT (-85.23756872308606 35.26364022303125)
99,35.29575757419403,-85.16587265268676,35.30511131715639,-84.97184300281859,POINT (-85.16587265268676 35.29575757419403),POINT (-84.97184300281859 35.30511131715639)
49,35.293782162610604,-85.16924501862898,35.288711722030165,-85.08806116273813,POINT (-85.16924501862898 35.293782162610604),POINT (-85.08806116273813 35.288711722030165)
9,35.28782764947488,-85.16419406676728,35.29602702486483,-85.18748571617614,POINT (-85.16419406676728 35.28782764947488),POINT (-85.18748571617614 35.29602702486483)
73,35.28484510199329,-85.16491305821481,35.34098332816844,-85.12247022549789,POINT (-85.16491305821481 35.28484510199329),POINT (-85.12247022549789 35.34098332816844)
83,35.28803673242947,-85.16006802634408,35.30351951532974,-85.16787995787134,POINT (-85.16006802634408 35.28803673242947),POINT (-85.16787995787134 35.30351951532974)
1,35.28826921038106,-85.15719963727639,35.27557999242377,-85.16627697265828,POINT (-85.15719963727639 35.28826921038106),POINT (-85.16627697265828 35.27557999242377)
61,35.28601687367113,-85.16612884461622,35.33079626671208,-85.19964268148941,POINT (-85.16612884461622 35.28601687367113),POINT (-85.19964268148941 35.33079626671208)
24,35.28034780520497,-85.15811692065445,35.274900729740146,-85.14336123854524,POINT (-85.15811692065445 35.28034780520497),POINT (-85.14336123854524 35.274900729740146)
99,35.28811248185475,-85.17045245148654,35.274116528545854,-85.1547077791483,POINT (-85.17045245148654 35.28811248185475),POINT (-85.1547077791483 35.274116528545854)
76,35.28885796402649,-85.16274397993026,35.29079339601738,-85.17868527801046,POINT (-85.16274397993026 35.28885796402649),POINT (-85.17868527801046 35.29079339601738)
37,35.28668615253189,-85.15835791804282,35.29165514599095,-85.18240615680769,POINT (-85.15835791804282 35.28668615253189),POINT (-85.18240615680769 35.29165514599095)
66,35.291244506225496,-85.16582082730307,35.30003459352601,-85.14031277761444,POINT (-85.16582082730307 35.291244506225496),POINT (-85.14031277761444 35.30003459352601)
68,35.28604818805365,-85.16457407044338,35.29173586572881,-85.1355537513218,POINT (-85.16457407044338 35.28604818805365),POINT (-85.1355537513218 35.29173586572881)
77,35.2883598470295,-85.16352677014655,35.307383303102974,-85.14354392131402,POINT (-85.16352677014655 35.2883598470295),POINT (-85.14354392131402 35.307383303102974)
24,35.28536328662333,-85.16525325868312,35.34184047655255,-85.16532182877671,POINT (-85.16525325868312 35.28536328662333),POINT (-85.16532182877671 35.34184047655255)
33,35.2898558068838,-85.15560755308557,35.303936994513535,-85.13935154791513,POINT (-85.15560755308557 35.2898558068838),POINT (-85.13935154791513 35.303936994513535)
7,35.28325697469372,-85.16282391257697,35.295805222190786,-85.15888070741826,POINT (-85.16282391257697 35.28325697469372),POINT (-85.15888070741826 35.295805222190786)
93,35.297680358392995,-85.16475003023153,35.27937745274741,-85.18076677198968,POINT (-85.16475003023153 35.297680358392995),POINT (-85.18076677198968 35.27937745274741)
58,35.299650001698204,-85.17316194104667,35.25936874370447,-85.10459815238625,POINT (-85.17316194104667 35.299650001698204),POINT (-85.10459815238625 35.25936874370447)
93,35.28090368558922,-85.17260868857366,35.27804184837214,-85.15915245340986,POINT (-85.17260868857366 35.28090368558922),POINT (-85.15915245340986 35.27804184837214)
66,35.2927062027918,-85.16122760288103,35.284075744313796,-85.14797202283982,POINT (-85.16122760288103 35.2927062027918),POINT (-85.14797202283982 35.284075744313796)
46,35.30016514445555,-85.1485997830136,35.3556012942365,-85.09925305399311,POINT (-85.1485997830136 35.30016514445555),POINT (-85.09925305399311 35.3556012942365)
16,35.288541370037834,-85.17147006673594,35.292568946417006,-85.19543210682288,POINT (-85.17147006673594 35.288541370037834),POINT (-85.19543210682288 35.292568946417006)
93,35.28899457272005,-85.16304800871157,35.29688412272576,-85.19364967275533,POINT (-85.16304800871157 35.28899457272005),POINT (-85.19364967275533 35.29688412272576)
35,35.28932429179278,-85.15985046931908,35.30355025811378,-85.18675044579173,POINT (-85.15985046931908 35.28932429179278),POINT (-85.18675044579173 35.30355025811378)
66,35.30087289935805,-85.15787995989099,35.34772615325079,-85.14659595677729,POINT (-85.15787995989099 35.30087289935805),POINT (-85.14659595677729 35.34772615325079)
39,35.28834935865072,-85.15988573738184,35.30409806117953,-85.13740742774742,POINT (-85.15988573738184 35.28834935865072),POINT (-85.13740742774742 35.30409806117953)
43,35.290409126192436,-85.1606687018401,35.4119904018831,-85.15509943996373,POINT (-85.1606687018401 35.290409126192436),POINT (-85.15509943996373 35.4119904018831)
96,35.292771093379585,-85.16304270447507,35.222500824992295,-85.0736692670847,POINT (-85.16304270447507 35.292771093379585),POINT (-85.0736692670847 35.222500824992295)
58,35.28830394216049,-85.16639111767725,35.28675176968612,-85.18936116720117,POINT (-85.16639111767725 35.28830394216049),POINT (-85.18936116720117 35.28675176968612)
72,35.28999652232097,-85.16119086633579,35.31028852303039,-85.14259817507744,POINT (-85.16119086633579 35.28999652232097),POINT (-85.14259817507744 35.31028852303039)
94,35.290047005900995,-85.15905299160907,35.30532957198866,-85.16932042545199,POINT (-85.15905299160907 35.290047005900995),POINT (-85.16932042545199 35.30532957198866)
25,35.285675998933556,-85.15718713841159,35.26563157399252,-85.17239504437097,POINT (-85.15718713841159 35.285675998933556),POINT (-85.17239504437097 35.26563157399252)
56,35.292273366409205,-85.16791816995296,35.292329751566676,-85.09858200483596,POINT (-85.16791816995296 35.292273366409205),POINT (-85.09858200483596 35.292329751566676)
51,35.279365939918016,-85.14992421796535,35.311819796178284,-84.99132172035073,POINT (-85.14992421796535 35.279365939918016),POINT (-84.99132172035073 35.311819796178284)
45,35.287674150392135,-85.16515475842047,35.27736435586748,-85.152769097265,POINT (-85.16515475842047 35.287674150392135),POINT (-85.152769097265 35.27736435586748)
8,35.29067812094851,-85.16152462595147,35.26611278390187,-85.15285223671277,POINT (-85.16152462595147 35.29067812094851),POINT (-85.15285223671277 35.26611278390187)
83,35.28843646266603,-85.1651016329488,35.25225186648157,-85.10946377822138,POINT (-85.1651016329488 35.28843646266603),POINT (-85.10946377822138 35.25225186648157)
38,35.29929386464903,-85.15310378773422,35.296985068271105,-85.18517017888217,POINT (-85.15310378773422 35.29929386464903),POINT (-85.18517017888217 35.296985068271105)
63,35.29015829279114,-85.16316466954633,35.27398942234428,-85.1831696216644,POINT (-85.16316466954633 35.29015829279114),POINT (-85.1831696216644 35.27398942234428)
70,35.29968294976083,-85.17241254922888,35.30358092716575,-85.14326392276867,POINT (-85.17241254922888 35.29968294976083),POINT (-85.14326392276867 35.30358092716575)
8,35.30031467498541,-85.15760514461046,35.21894314528358,-85.3451579174318,POINT (-85.15760514461046 35.30031467498541),POINT (-85.3451579174318 35.21894314528358)
99,35.289127053964414,-85.16549277470403,35.280853558641994,-85.1593776860369,POINT (-85.16549277470403 35.289127053964414),POINT (-85.1593776860369 35.280853558641994)
63,35.28796823962349,-85.16198921472187,35.29736037462895,-85.1864679221627,POINT (-85.16198921472187 35.28796823962349),POINT (-85.1864679221627 35.29736037462895)
38,35.278198295913704,-85.14911508986098,35.24665731431911,-85.14967639608652,POINT (-85.14911508986098 35.278198295913704),POINT (-85.14967639608652 35.24665731431911)
96,35.298154887444035,-85.15833342640288,35.3169894528238,-85.22345238180725,POINT (-85.15833342640288 35.298154887444035),POINT (-85.22345238180725 35.3169894528238)
41,35.289031494482785,-85.16429372757108,35.27445162889111,-85.16768761927851,POINT (-85.16429372757108 35.289031494482785),POINT (-85.16768761927851 35.27445162889111)
56,35.29319482077195,-85.1612230561173,35.30432863026943,-85.17620025264726,POINT (-85.1612230561173 35.29319482077195),POINT (-85.17620025264726 35.30432863026943)
95,35.29495914712627,-85.15593971329609,35.30174560646861,-85.17412659296923,POINT (-85.15593971329609 35.29495914712627),POINT (-85.17412659296923 35.30174560646861)
58,35.29620756896454,-85.15508976567043,35.3083673292446,-85.17958107174515,POINT (-85.15508976567043 35.29620756896454),POINT (-85.17958107174515 35.3083673292446)
14,35.28788254702924,-85.16039296077103,35.292776495897336,-85.13472637346015,POINT (-85.16039296077103 35.28788254702924),POINT (-85.13472637346015 35.292776495897336)
91,35.28860106645556,-85.16451536697187,35.28955293878272,-85.17925391764449,POINT (-85.16451536697187 35.28860106645556),POINT (-85.17925391764449 35.28955293878272)
11,35.293912073055466,-85.16211759001509,35.30441060183001,-85.15969628106257,POINT (-85.16211759001509 35.293912073055466),POINT (-85.15969628106257 35.30441060183001)
58,35.28514411914524,-85.1596968101958,35.23009312293376,-85.12100454121027,POINT (-85.1596968101958 35.28514411914524),POINT (-85.12100454121027 35.23009312293376)
11,35.29181212924405,-85.1551174266379,35.400858123201196,-85.14219630420949,POINT (-85.1551174266379 35.29181212924405),POINT (-85.14219630420949 35.400858123201196)
